DROP DATABASE IF EXISTS vk;
CREATE DATABASE vk;
USE vk;

/* ********************************************************************************* */
/* TASK 1. Заполнить все таблицы БД vk данными (по 10-100 записей в каждой таблице). */
/* ********************************************************************************* */

-- MariaDB dump 10.17  Distrib 10.4.15-MariaDB, for Linux (x86_64)
--
-- Host: mysql.hostinger.ro    Database: u574849695_21
-- ------------------------------------------------------
-- Server version	10.4.15-MariaDB-cll-lve

/*!40101 SET @OLD_CHARACTER_SET_CLIENT=@@CHARACTER_SET_CLIENT */;
/*!40101 SET @OLD_CHARACTER_SET_RESULTS=@@CHARACTER_SET_RESULTS */;
/*!40101 SET @OLD_COLLATION_CONNECTION=@@COLLATION_CONNECTION */;
/*!40101 SET NAMES utf8mb4 */;
/*!40103 SET @OLD_TIME_ZONE=@@TIME_ZONE */;
/*!40103 SET TIME_ZONE='+00:00' */;
/*!40014 SET @OLD_UNIQUE_CHECKS=@@UNIQUE_CHECKS, UNIQUE_CHECKS=0 */;
/*!40014 SET @OLD_FOREIGN_KEY_CHECKS=@@FOREIGN_KEY_CHECKS, FOREIGN_KEY_CHECKS=0 */;
/*!40101 SET @OLD_SQL_MODE=@@SQL_MODE, SQL_MODE='NO_AUTO_VALUE_ON_ZERO' */;
/*!40111 SET @OLD_SQL_NOTES=@@SQL_NOTES, SQL_NOTES=0 */;

--
-- Table structure for table `communities`
--

DROP TABLE IF EXISTS `communities`;
/*!40101 SET @saved_cs_client     = @@character_set_client */;
/*!40101 SET character_set_client = utf8 */;
CREATE TABLE `communities` (
                               `id` bigint(20) unsigned NOT NULL AUTO_INCREMENT,
                               `name` varchar(150) COLLATE utf8mb4_unicode_ci DEFAULT NULL,
                               `admin_user_id` bigint(20) unsigned DEFAULT NULL,
                               PRIMARY KEY (`id`),
                               KEY `communities_name_idx` (`name`),
                               KEY `admin_user_id` (`admin_user_id`),
                               CONSTRAINT `communities_ibfk_1` FOREIGN KEY (`admin_user_id`) REFERENCES `users` (`id`) ON DELETE SET NULL ON UPDATE CASCADE
) ENGINE=InnoDB AUTO_INCREMENT=101 DEFAULT CHARSET=utf8mb4 COLLATE=utf8mb4_unicode_ci;
/*!40101 SET character_set_client = @saved_cs_client */;

--
-- Dumping data for table `communities`
--

LOCK TABLES `communities` WRITE;
/*!40000 ALTER TABLE `communities` DISABLE KEYS */;
INSERT INTO `communities` VALUES (1,'omnis',1),(2,'aut',2),(3,'et',3),(4,'hic',4),(5,'magnam',5),(6,'voluptatum',6),(7,'earum',7),(8,'aut',8),(9,'amet',9),(10,'et',10),(11,'repellat',11),(12,'mollitia',12),(13,'et',13),(14,'omnis',14),(15,'excepturi',15),(16,'esse',16),(17,'repellendus',17),(18,'qui',18),(19,'sunt',19),(20,'incidunt',20),(21,'reprehenderit',21),(22,'repellendus',22),(23,'id',23),(24,'aut',24),(25,'alias',25),(26,'architecto',26),(27,'repudiandae',27),(28,'similique',28),(29,'voluptate',29),(30,'voluptas',30),(31,'rerum',31),(32,'modi',32),(33,'placeat',33),(34,'in',34),(35,'aut',35),(36,'eos',36),(37,'ut',37),(38,'at',38),(39,'est',39),(40,'ipsum',40),(41,'cumque',41),(42,'est',42),(43,'voluptatem',43),(44,'eaque',44),(45,'quo',45),(46,'at',46),(47,'magnam',47),(48,'ut',48),(49,'ut',49),(50,'repellat',50),(51,'qui',51),(52,'iure',52),(53,'et',53),(54,'suscipit',54),(55,'pariatur',55),(56,'quasi',56),(57,'cumque',57),(58,'optio',58),(59,'nam',59),(60,'est',60),(61,'non',61),(62,'optio',62),(63,'non',63),(64,'earum',64),(65,'omnis',65),(66,'assumenda',66),(67,'voluptatem',67),(68,'vitae',68),(69,'fugiat',69),(70,'facilis',70),(71,'aut',71),(72,'numquam',72),(73,'voluptas',73),(74,'sit',74),(75,'quod',75),(76,'architecto',76),(77,'eius',77),(78,'accusamus',78),(79,'alias',79),(80,'minima',80),(81,'tenetur',81),(82,'libero',82),(83,'qui',83),(84,'et',84),(85,'incidunt',85),(86,'aut',86),(87,'labore',87),(88,'quia',88),(89,'enim',89),(90,'laudantium',90),(91,'expedita',91),(92,'recusandae',92),(93,'provident',93),(94,'officia',94),(95,'ex',95),(96,'minus',96),(97,'nisi',97),(98,'est',98),(99,'ut',99),(100,'id',100);
/*!40000 ALTER TABLE `communities` ENABLE KEYS */;
UNLOCK TABLES;

--
-- Table structure for table `friend_requests`
--

DROP TABLE IF EXISTS `friend_requests`;
/*!40101 SET @saved_cs_client     = @@character_set_client */;
/*!40101 SET character_set_client = utf8 */;
CREATE TABLE `friend_requests` (
                                   `initiator_user_id` bigint(20) unsigned NOT NULL,
                                   `target_user_id` bigint(20) unsigned NOT NULL,
                                   `status` enum('requested','approved','declined','unfriended') COLLATE utf8mb4_unicode_ci DEFAULT NULL,
                                   `requested_at` datetime DEFAULT current_timestamp(),
                                   `updated_at` datetime DEFAULT NULL ON UPDATE current_timestamp(),
                                   PRIMARY KEY (`initiator_user_id`,`target_user_id`),
                                   KEY `target_user_id` (`target_user_id`),
                                   CONSTRAINT `friend_requests_ibfk_1` FOREIGN KEY (`initiator_user_id`) REFERENCES `users` (`id`) ON DELETE CASCADE ON UPDATE CASCADE,
                                   CONSTRAINT `friend_requests_ibfk_2` FOREIGN KEY (`target_user_id`) REFERENCES `users` (`id`) ON DELETE CASCADE ON UPDATE CASCADE
) ENGINE=InnoDB DEFAULT CHARSET=utf8mb4 COLLATE=utf8mb4_unicode_ci;
/*!40101 SET character_set_client = @saved_cs_client */;

--
-- Dumping data for table `friend_requests`
--

LOCK TABLES `friend_requests` WRITE;
/*!40000 ALTER TABLE `friend_requests` DISABLE KEYS */;
INSERT INTO `friend_requests` VALUES (1,1,'approved','1999-06-30 14:43:22','2017-09-24 08:54:19'),(2,2,'approved','2015-09-08 07:33:00','1982-04-10 03:36:59'),(3,3,'unfriended','1992-03-29 18:10:38','2012-10-27 22:07:23'),(4,4,'approved','1971-02-23 05:25:17','2002-02-08 13:44:29'),(5,5,'approved','1997-09-15 11:03:40','2009-09-21 10:23:38'),(6,6,'requested','1985-04-14 11:21:22','1977-07-01 04:52:03'),(7,7,'declined','1991-05-27 12:39:53','2004-04-20 13:54:20'),(8,8,'declined','1972-02-13 19:06:01','1970-10-25 09:31:49'),(9,9,'unfriended','2002-03-20 12:39:29','1973-07-20 21:09:58'),(10,10,'unfriended','2005-07-26 13:41:30','1990-01-30 20:30:40'),(11,11,'declined','1994-06-01 19:33:28','1980-11-14 21:18:47'),(12,12,'requested','2018-09-30 20:47:34','1974-07-29 05:49:00'),(13,13,'declined','2016-12-20 19:11:34','1970-11-15 22:23:40'),(14,14,'requested','2016-12-06 01:34:00','1970-06-24 15:58:39'),(15,15,'approved','1988-07-15 23:53:23','1972-11-06 01:51:00'),(16,16,'declined','2000-06-08 11:15:43','1993-12-30 00:24:23'),(17,17,'approved','1971-10-23 20:54:25','2020-04-16 13:22:13'),(18,18,'declined','2017-07-14 17:37:04','2015-04-16 12:09:41'),(19,19,'approved','1972-10-01 03:45:21','2004-11-05 03:31:13'),(20,20,'declined','2009-01-15 05:29:22','2018-10-17 11:53:16'),(21,21,'declined','1984-09-30 20:58:25','2007-08-05 03:17:17'),(22,22,'declined','1979-06-23 10:43:42','1993-01-11 10:35:39'),(23,23,'declined','1982-05-25 10:20:56','1993-12-03 01:33:40'),(24,24,'requested','2009-05-23 01:56:59','2014-10-20 16:58:20'),(25,25,'declined','2017-01-02 00:43:04','1999-01-22 01:47:36'),(26,26,'unfriended','2004-07-03 00:57:08','2001-04-25 13:05:50'),(27,27,'declined','2014-03-29 13:51:36','1974-09-29 13:08:52'),(28,28,'unfriended','2011-07-26 04:11:52','1972-08-22 22:50:27'),(29,29,'approved','2003-02-13 11:36:41','2007-12-25 23:59:24'),(30,30,'unfriended','2015-09-26 15:05:07','1984-04-23 12:23:39'),(31,31,'approved','1999-12-06 20:08:55','1984-09-23 11:26:09'),(32,32,'requested','1988-02-23 15:26:22','1982-12-30 23:45:28'),(33,33,'unfriended','1978-04-23 10:26:58','2009-03-11 00:34:07'),(34,34,'declined','2002-09-10 20:19:30','1985-04-05 03:49:28'),(35,35,'unfriended','1992-10-05 20:01:36','1999-11-05 11:00:05'),(36,36,'unfriended','1986-11-21 10:29:16','1976-11-03 14:52:24'),(37,37,'approved','1991-12-07 17:30:28','2012-08-12 11:37:13'),(38,38,'approved','2009-04-27 08:38:21','2001-11-21 07:51:43'),(39,39,'approved','1988-03-10 14:02:17','1973-02-25 04:37:33'),(40,40,'unfriended','2000-05-02 06:00:50','1994-03-09 11:25:07'),(41,41,'declined','1987-08-06 14:48:50','2009-12-29 23:21:09'),(42,42,'unfriended','2018-09-17 19:20:35','1988-01-09 23:39:34'),(43,43,'declined','1985-05-23 09:36:44','1978-04-06 10:44:01'),(44,44,'declined','1982-09-28 11:47:03','1994-10-23 20:59:07'),(45,45,'approved','1989-10-06 20:35:56','2015-12-22 03:11:54'),(46,46,'declined','2012-02-26 22:06:24','1984-03-05 07:15:19'),(47,47,'requested','1981-10-02 04:32:00','2001-06-19 22:36:56'),(48,48,'requested','1979-06-06 05:59:55','2010-03-23 07:06:49'),(49,49,'declined','1978-03-13 16:22:11','2020-12-31 22:59:06'),(50,50,'declined','2001-06-12 18:10:36','2013-05-28 20:36:22'),(51,51,'declined','1995-02-02 04:41:40','1998-03-25 10:12:18'),(52,52,'unfriended','2004-09-24 18:08:01','1998-08-14 17:19:19'),(53,53,'approved','1980-11-29 00:42:11','1970-07-31 06:01:52'),(54,54,'approved','1995-07-09 10:53:26','2004-10-03 20:37:23'),(55,55,'approved','1986-02-10 08:50:44','1998-06-16 16:21:57'),(56,56,'declined','2004-11-08 09:34:25','1997-05-04 09:07:38'),(57,57,'declined','2008-11-06 09:03:05','2013-09-21 02:02:14'),(58,58,'unfriended','1970-08-07 09:43:06','1989-04-27 14:19:43'),(59,59,'unfriended','1998-03-24 07:53:12','1993-07-14 00:51:36'),(60,60,'declined','1976-11-01 05:35:14','1983-11-30 19:32:06'),(61,61,'declined','1975-08-06 14:24:17','1987-11-16 21:42:35'),(62,62,'requested','2013-06-08 13:05:54','2003-11-16 14:08:46'),(63,63,'approved','2005-07-03 10:42:54','2000-08-27 06:22:36'),(64,64,'declined','1976-10-01 22:25:09','1993-11-06 04:58:25'),(65,65,'declined','2002-08-03 14:07:09','1985-04-26 15:48:25'),(66,66,'unfriended','1985-09-13 23:11:23','2011-06-11 05:16:14'),(67,67,'declined','1993-11-12 14:36:37','2009-06-10 22:56:11'),(68,68,'approved','2011-06-11 17:35:06','2010-08-16 05:00:51'),(69,69,'requested','2019-11-21 01:53:05','1989-01-25 03:11:22'),(70,70,'approved','2003-06-04 19:27:03','1999-07-03 05:48:02'),(71,71,'approved','2001-02-10 03:16:01','1970-08-29 18:30:19'),(72,72,'declined','1997-03-05 06:09:30','2006-06-11 06:13:26'),(73,73,'approved','1976-11-28 13:10:21','2009-01-09 14:08:44'),(74,74,'declined','2004-04-11 15:51:37','1993-07-28 20:39:14'),(75,75,'requested','1980-04-29 11:22:03','2007-03-30 02:31:13'),(76,76,'approved','2016-08-04 04:13:40','1994-05-17 00:06:53'),(77,77,'unfriended','2006-01-08 08:28:38','1994-07-02 06:52:40'),(78,78,'requested','2019-04-29 11:13:29','2013-04-25 15:45:24'),(79,79,'declined','2002-04-30 02:44:11','1990-04-23 01:23:29'),(80,80,'requested','1985-10-13 04:45:39','2001-09-16 23:53:36'),(81,81,'declined','2009-02-05 12:15:14','1995-03-19 03:19:26'),(82,82,'declined','1972-10-24 23:37:15','1984-12-10 20:52:08'),(83,83,'approved','2013-09-24 12:20:01','1991-07-06 10:17:42'),(84,84,'approved','2009-04-20 23:49:45','1973-03-06 19:47:18'),(85,85,'declined','2003-10-21 01:19:01','1992-06-09 01:50:39'),(86,86,'approved','2005-11-27 14:11:08','2018-11-08 02:08:54'),(87,87,'declined','2018-02-07 22:40:51','1998-08-23 18:05:46'),(88,88,'unfriended','2006-11-23 13:19:47','1980-07-21 16:01:27'),(89,89,'approved','2007-08-17 22:02:16','1979-12-25 23:49:34'),(90,90,'approved','1973-05-09 17:54:28','1979-01-19 03:09:02'),(91,91,'declined','1991-10-23 10:45:43','2003-03-19 21:34:41'),(92,92,'requested','1990-11-11 02:46:23','1988-02-03 07:11:43'),(93,93,'declined','1994-11-24 14:38:39','1981-07-01 20:03:42'),(94,94,'requested','2016-02-18 00:29:27','2008-04-12 10:27:34'),(95,95,'requested','1994-09-14 16:31:08','2008-11-17 05:24:21'),(96,96,'unfriended','2014-04-09 05:49:00','2009-04-06 09:36:14'),(97,97,'unfriended','1971-01-10 09:54:52','2007-12-14 14:37:30'),(98,98,'approved','2016-10-04 04:54:01','2013-09-25 23:27:37'),(99,99,'declined','1975-08-01 19:24:07','2009-10-28 08:28:35'),(100,100,'declined','1995-06-12 02:41:49','1997-02-18 21:28:49');
/*!40000 ALTER TABLE `friend_requests` ENABLE KEYS */;
UNLOCK TABLES;

--
-- Table structure for table `likes`
--

DROP TABLE IF EXISTS `likes`;
/*!40101 SET @saved_cs_client     = @@character_set_client */;
/*!40101 SET character_set_client = utf8 */;
CREATE TABLE `likes` (
                         `id` bigint(20) unsigned NOT NULL AUTO_INCREMENT,
                         `user_id` bigint(20) unsigned NOT NULL,
                         `media_id` bigint(20) unsigned NOT NULL,
                         `created_at` datetime DEFAULT current_timestamp(),
                         PRIMARY KEY (`id`),
                         KEY `user_id` (`user_id`),
                         KEY `media_id` (`media_id`),
                         CONSTRAINT `likes_ibfk_1` FOREIGN KEY (`user_id`) REFERENCES `users` (`id`) ON DELETE CASCADE ON UPDATE CASCADE,
                         CONSTRAINT `likes_ibfk_2` FOREIGN KEY (`media_id`) REFERENCES `media` (`id`) ON DELETE CASCADE ON UPDATE CASCADE
) ENGINE=InnoDB AUTO_INCREMENT=101 DEFAULT CHARSET=utf8mb4 COLLATE=utf8mb4_unicode_ci;
/*!40101 SET character_set_client = @saved_cs_client */;

--
-- Dumping data for table `likes`
--

LOCK TABLES `likes` WRITE;
/*!40000 ALTER TABLE `likes` DISABLE KEYS */;
INSERT INTO `likes` VALUES (1,1,1,'1997-10-07 14:21:16'),(2,2,2,'2005-03-19 20:09:15'),(3,3,3,'1983-11-26 17:31:23'),(4,4,4,'1979-05-22 06:37:00'),(5,5,5,'2014-02-06 10:44:59'),(6,6,6,'1972-02-02 19:00:49'),(7,7,7,'1985-09-07 00:40:30'),(8,8,8,'1988-01-23 06:40:04'),(9,9,9,'1981-05-27 04:03:33'),(10,10,10,'2012-01-01 04:40:14'),(11,11,11,'1993-06-18 15:01:36'),(12,12,12,'2004-02-12 10:55:57'),(13,13,13,'1981-02-10 10:46:39'),(14,14,14,'2019-06-14 09:53:50'),(15,15,15,'1979-06-09 05:12:09'),(16,16,16,'2011-12-16 18:11:16'),(17,17,17,'2002-06-15 22:13:26'),(18,18,18,'1972-09-23 17:11:47'),(19,19,19,'1972-02-12 16:10:15'),(20,20,20,'1988-05-13 05:27:24'),(21,21,21,'2021-01-22 02:34:39'),(22,22,22,'1994-09-27 17:39:01'),(23,23,23,'1974-10-20 12:41:58'),(24,24,24,'1991-08-16 02:16:36'),(25,25,25,'1983-07-27 23:03:56'),(26,26,26,'1987-07-26 02:54:55'),(27,27,27,'2010-05-18 04:45:46'),(28,28,28,'1990-07-22 03:40:45'),(29,29,29,'1979-11-20 19:33:53'),(30,30,30,'2020-03-21 09:51:49'),(31,31,31,'1980-08-02 15:00:32'),(32,32,32,'1983-01-14 17:57:02'),(33,33,33,'1978-02-11 14:00:47'),(34,34,34,'1999-06-18 01:05:29'),(35,35,35,'1994-04-27 02:27:17'),(36,36,36,'2002-02-26 21:10:58'),(37,37,37,'2007-05-21 14:50:48'),(38,38,38,'1986-09-07 22:14:33'),(39,39,39,'1998-06-27 06:33:23'),(40,40,40,'2008-03-19 14:48:25'),(41,41,41,'1974-08-08 02:31:19'),(42,42,42,'1971-04-07 04:19:35'),(43,43,43,'1978-03-21 02:45:13'),(44,44,44,'2002-11-28 01:57:55'),(45,45,45,'1987-05-22 20:38:26'),(46,46,46,'2013-03-24 08:11:15'),(47,47,47,'1992-04-14 01:46:11'),(48,48,48,'2013-10-25 01:22:24'),(49,49,49,'2003-06-20 01:34:24'),(50,50,50,'2010-12-20 02:09:18'),(51,51,51,'1995-02-02 15:29:45'),(52,52,52,'1994-02-06 08:32:25'),(53,53,53,'1982-12-05 14:44:25'),(54,54,54,'1990-09-06 22:46:12'),(55,55,55,'1974-02-06 00:47:25'),(56,56,56,'2008-04-10 05:32:54'),(57,57,57,'1990-04-11 03:24:10'),(58,58,58,'1995-01-21 00:14:17'),(59,59,59,'1974-08-19 07:52:19'),(60,60,60,'1971-01-17 23:39:32'),(61,61,61,'1983-04-05 00:36:13'),(62,62,62,'1991-07-05 17:57:52'),(63,63,63,'1982-04-19 15:06:29'),(64,64,64,'2019-04-12 07:51:50'),(65,65,65,'1985-08-22 02:45:21'),(66,66,66,'2015-12-09 05:16:24'),(67,67,67,'1973-04-30 15:12:31'),(68,68,68,'1978-11-29 06:05:01'),(69,69,69,'2014-05-06 06:09:34'),(70,70,70,'1974-10-17 08:11:50'),(71,71,71,'2012-09-02 03:41:37'),(72,72,72,'1996-07-12 16:48:39'),(73,73,73,'2011-06-29 12:45:48'),(74,74,74,'1971-03-05 20:53:50'),(75,75,75,'1992-08-25 23:18:19'),(76,76,76,'2015-09-15 21:46:07'),(77,77,77,'2010-03-29 07:42:40'),(78,78,78,'1981-06-25 23:31:51'),(79,79,79,'2007-05-28 23:04:15'),(80,80,80,'1997-07-07 02:37:19'),(81,81,81,'2018-04-08 12:29:14'),(82,82,82,'2016-12-27 11:59:33'),(83,83,83,'2017-06-25 15:06:20'),(84,84,84,'2013-04-06 21:18:51'),(85,85,85,'1988-08-17 00:59:13'),(86,86,86,'2008-11-10 12:05:12'),(87,87,87,'1981-01-01 14:33:19'),(88,88,88,'2016-12-28 11:30:27'),(89,89,89,'1993-08-30 05:00:30'),(90,90,90,'2013-12-22 07:09:48'),(91,91,91,'1994-04-13 23:18:34'),(92,92,92,'1981-09-05 18:03:12'),(93,93,93,'2009-10-15 20:53:40'),(94,94,94,'1978-07-26 12:11:35'),(95,95,95,'2011-05-06 11:19:16'),(96,96,96,'2001-08-07 15:25:15'),(97,97,97,'1990-01-31 11:32:49'),(98,98,98,'2021-01-16 01:45:18'),(99,99,99,'1990-06-02 00:17:54'),(100,100,100,'2015-01-05 13:04:00');
/*!40000 ALTER TABLE `likes` ENABLE KEYS */;
UNLOCK TABLES;

--
-- Table structure for table `media`
--

DROP TABLE IF EXISTS `media`;
/*!40101 SET @saved_cs_client     = @@character_set_client */;
/*!40101 SET character_set_client = utf8 */;
CREATE TABLE `media` (
                         `id` bigint(20) unsigned NOT NULL AUTO_INCREMENT,
                         `media_type_id` bigint(20) unsigned NOT NULL,
                         `user_id` bigint(20) unsigned NOT NULL,
                         `body` text COLLATE utf8mb4_unicode_ci DEFAULT NULL,
                         `filename` varchar(255) COLLATE utf8mb4_unicode_ci DEFAULT NULL,
                         `size` int(11) DEFAULT NULL,
                         `metadata` longtext CHARACTER SET utf8mb4 COLLATE utf8mb4_bin DEFAULT NULL CHECK (json_valid(`metadata`)),
                         `created_at` datetime DEFAULT current_timestamp(),
                         `updated_at` datetime DEFAULT current_timestamp() ON UPDATE current_timestamp(),
                         PRIMARY KEY (`id`),
                         KEY `user_id` (`user_id`),
                         KEY `media_type_id` (`media_type_id`),
                         CONSTRAINT `media_ibfk_1` FOREIGN KEY (`user_id`) REFERENCES `users` (`id`) ON DELETE CASCADE ON UPDATE CASCADE,
                         CONSTRAINT `media_ibfk_2` FOREIGN KEY (`media_type_id`) REFERENCES `media_types` (`id`) ON DELETE CASCADE ON UPDATE CASCADE
) ENGINE=InnoDB AUTO_INCREMENT=101 DEFAULT CHARSET=utf8mb4 COLLATE=utf8mb4_unicode_ci;
/*!40101 SET character_set_client = @saved_cs_client */;

--
-- Dumping data for table `media`
--

LOCK TABLES `media` WRITE;
/*!40000 ALTER TABLE `media` DISABLE KEYS */;
INSERT INTO `media` VALUES (1,1,1,'Aperiam totam itaque libero est qui molestias libero. Voluptatem eius voluptas voluptatem quia quas voluptatem numquam saepe. Expedita officia adipisci earum nam dolore corporis dolorem qui.','ratione',0,NULL,'1971-09-21 12:25:32','1971-04-18 17:35:32'),(2,2,2,'Inventore doloremque sit eveniet doloribus repellendus. Quod totam fugiat sapiente aspernatur quaerat recusandae est culpa. Est praesentium quas reprehenderit magni. Corrupti aspernatur sit sunt explicabo est et.','sit',2,NULL,'1975-10-09 23:04:56','2017-08-05 01:14:57'),(3,3,3,'Totam blanditiis et culpa explicabo quia delectus. Accusantium id est harum dolor inventore sit a dolor. Saepe rerum ut quae voluptatum quia saepe. Consequuntur ducimus quia qui eum harum vel.','itaque',4556,NULL,'1972-02-09 03:12:05','1970-07-03 09:32:29'),(4,4,4,'Sunt excepturi voluptas commodi culpa occaecati. Et voluptas soluta odio sint aliquam minus velit omnis. Sit voluptatem ea et necessitatibus ab. Blanditiis aliquid consequuntur voluptatem.','qui',171,NULL,'2017-08-13 16:27:42','1992-04-29 20:46:21'),(5,5,5,'Facilis voluptatem in voluptatibus sunt id. Repudiandae facere cum ad nesciunt minus sed et. Explicabo non et et laboriosam pariatur enim. Odio consequuntur beatae veniam.','aut',22,NULL,'1990-10-28 03:01:42','1999-02-20 22:00:19'),(6,6,6,'Doloribus suscipit et est asperiores praesentium et quam. Vel mollitia sunt qui laudantium iusto vel. Ut eligendi eum voluptas. Et est atque numquam qui ut.','omnis',0,NULL,'2017-01-02 20:07:24','1998-11-27 12:51:25'),(7,7,7,'Quis modi earum veritatis labore cum laborum. Repudiandae minima rerum dolor eligendi ea voluptate atque. Occaecati iste corrupti quidem voluptas non id enim. Et omnis molestiae illo et excepturi.','animi',42,NULL,'2014-11-16 07:13:31','1977-05-05 23:53:09'),(8,8,8,'Quo est at doloribus porro cupiditate. Nisi ipsum laboriosam voluptates et qui qui sit. Exercitationem distinctio et ut occaecati est et saepe voluptates.','aspernatur',7,NULL,'1979-02-16 08:17:09','2018-03-20 07:23:48'),(9,9,9,'Porro ipsum architecto tenetur consectetur voluptatem. Et dignissimos et in molestiae dolorem aut earum officia. Corporis officiis ut provident sed facilis ut dolor.','dolorem',33682370,NULL,'1998-09-05 17:10:42','2002-02-19 22:39:45'),(10,10,10,'Pariatur cupiditate voluptatum voluptate quas voluptatem iusto. Quod nostrum sapiente tenetur rerum atque dolores quam. Est et ea et accusantium ea sunt.','necessitatibus',0,NULL,'2017-01-04 00:27:32','2001-05-26 07:16:29'),(11,11,11,'Delectus quia quos voluptas quibusdam beatae aut. Fuga debitis est placeat consequatur et molestiae aut. Aut amet eaque maxime voluptatem.','molestiae',81478189,NULL,'1994-09-27 18:22:28','1995-05-22 08:47:38'),(12,12,12,'Modi unde voluptatem itaque rem quia ea. Itaque harum ut magni quibusdam quia. Maxime libero ut unde et labore. Fuga expedita culpa aut nobis.','consectetur',90287435,NULL,'2017-12-26 19:34:32','2015-10-15 14:23:46'),(13,13,13,'Voluptas et autem itaque doloremque sunt. Dolores nam porro omnis. Laborum facilis similique nisi qui ut. Et nesciunt enim nobis ad qui eum.','earum',0,NULL,'2003-10-04 17:42:47','2008-05-01 19:31:48'),(14,14,14,'Rem perspiciatis porro quia dolorum unde. Quia dolores aut et aspernatur sit sit. Provident sequi ab voluptas numquam dolores laboriosam aut. Neque quasi quae dicta dolores quia eligendi.','totam',94194407,NULL,'1997-05-30 22:45:11','1998-04-10 20:18:19'),(15,15,15,'Repellendus fugit similique molestias dolore quaerat vero. Qui ullam magnam porro nihil. Et reiciendis laudantium nobis assumenda ipsum error.','voluptas',290985057,NULL,'2015-07-12 16:37:25','1971-04-28 11:15:07'),(16,16,16,'Dolorum modi eveniet eos fuga. Adipisci omnis aut eos molestiae. Omnis aspernatur ea adipisci consequatur qui. Velit quo qui repellat et repellat aliquam asperiores molestiae. Impedit accusantium suscipit esse aliquam distinctio.','similique',776,NULL,'2002-01-06 07:47:39','2019-06-19 04:21:42'),(17,17,17,'Quis consequatur tempore natus. Saepe quidem reprehenderit magnam totam voluptatem magnam rerum. Vitae facilis quidem eos iste modi quia.','magni',857967,NULL,'1999-05-26 22:44:35','1998-07-27 14:09:38'),(18,18,18,'Enim occaecati molestiae sit. Odio alias vero doloremque architecto. Laboriosam aut qui omnis voluptas est ducimus.','in',0,NULL,'1986-01-27 21:30:05','1980-02-12 03:17:12'),(19,19,19,'Repellendus mollitia perspiciatis nostrum quo. Voluptatem molestiae deleniti exercitationem a velit voluptate nam. Facilis ipsa qui omnis optio et a. Nobis voluptatum beatae et est et eum.','et',267653170,NULL,'2005-08-14 11:33:59','2016-04-19 06:50:39'),(20,20,20,'Esse modi atque dignissimos. Beatae non tempore sequi delectus aliquid. Eveniet dignissimos neque enim adipisci.','quidem',5,NULL,'1971-02-28 23:11:54','1974-06-02 23:09:55'),(21,21,21,'Quo iusto vero earum eum dolores. Amet ea quisquam magnam et qui sed ut. Exercitationem sapiente voluptatem voluptas pariatur omnis delectus itaque iure.','reprehenderit',135676,NULL,'1984-01-15 14:12:20','1977-01-07 05:59:58'),(22,22,22,'Et occaecati neque ipsa nobis et dolorem. Non ea doloribus laudantium. Nihil accusantium earum et recusandae consequatur labore voluptas. Harum vitae nam est.','eos',71,NULL,'1996-07-11 15:04:26','2001-11-27 16:17:43'),(23,23,23,'Magni ut maxime quia consectetur temporibus ratione. Qui assumenda blanditiis ipsam similique enim doloribus. Modi dolorem aut vero nostrum repudiandae. Non voluptatum incidunt occaecati rerum sit.','inventore',0,NULL,'1990-04-12 14:34:25','1982-07-10 05:16:43'),(24,24,24,'Qui sint amet a consequatur. Dolor aut est aliquam ea eum incidunt. Ex sapiente esse debitis veniam. Assumenda voluptatum dolor exercitationem ea et.','officia',3897269,NULL,'2015-08-15 00:45:05','1999-10-20 07:17:01'),(25,25,25,'Itaque impedit neque ducimus perferendis magnam omnis consequuntur. Nulla eligendi et impedit esse explicabo ut unde. Consequatur in nulla at consequatur. Consequatur a autem totam voluptatem nulla modi tempora ipsum.','voluptas',4404212,NULL,'1997-06-06 13:53:15','2014-07-11 09:42:53'),(26,26,26,'Non officiis qui in error. Nulla harum ut debitis sed.','animi',227,NULL,'1979-03-05 06:53:39','2012-11-11 07:34:01'),(27,27,27,'Quo aliquam impedit ex dolor blanditiis debitis dolores. Nulla architecto rerum esse et vel et similique totam. Eveniet natus et optio ut vel sint. Deleniti voluptatibus totam quia delectus voluptatum. Soluta quos ut provident est.','inventore',771602,NULL,'1976-05-21 06:22:20','1973-10-12 07:31:52'),(28,28,28,'Consequatur et veniam dolores distinctio error veritatis est. Culpa autem voluptas assumenda laboriosam inventore. Dignissimos unde nihil voluptatibus dicta aspernatur voluptas odit. Impedit et odit necessitatibus.','pariatur',39162,NULL,'1974-05-03 07:48:10','1980-11-16 11:03:24'),(29,29,29,'Recusandae ut aut vitae soluta. Doloremque magni ut aut fugit. Praesentium commodi dolores molestiae eligendi veritatis earum corrupti.','itaque',0,NULL,'2014-05-22 14:16:25','1976-07-10 07:02:26'),(30,30,30,'Eius beatae nostrum officiis earum at est at. Ut et ducimus est nostrum. Dicta ut placeat aut quos dolor eum.','dolorum',425,NULL,'2020-02-26 13:03:30','2015-12-31 01:29:59'),(31,31,31,'Dolores est error adipisci sed nulla. Molestiae alias omnis quos. Qui laborum voluptas ullam non.','esse',29431979,NULL,'2011-02-12 23:46:22','2012-01-16 20:44:31'),(32,32,32,'Sed iure quo dolore sit neque nam facere minus. Eveniet consectetur autem voluptatibus temporibus. Accusamus aut rerum asperiores voluptas. Id culpa omnis repellat.','officia',7376181,NULL,'1976-02-24 13:03:23','2020-06-30 13:14:18'),(33,33,33,'Fugiat quo ut ut. Placeat blanditiis veniam sint est optio repellat. Cum quis et odio recusandae.','ea',25,NULL,'1988-04-14 07:15:30','1980-05-22 02:33:26'),(34,34,34,'Voluptatem ut asperiores consectetur enim tenetur iusto non. Eaque est quia quo amet. Consequuntur ea dolor sed repellendus.','sed',217,NULL,'2011-10-31 14:13:05','1996-12-03 04:59:46'),(35,35,35,'Blanditiis reprehenderit deleniti ipsa nam omnis autem error dolor. Atque fugiat deleniti et ut corrupti dolorem. Et ullam dolore iure vero omnis rerum voluptatem voluptatibus. Perspiciatis veniam debitis explicabo voluptatem.','dolorem',0,NULL,'1989-06-15 10:27:27','1973-09-25 15:25:25'),(36,36,36,'Dolor esse quo quaerat. Consequatur inventore explicabo accusamus itaque tenetur dolorem quos. Aliquid est pariatur dolore alias reiciendis sunt eveniet. Quia aut voluptates et deleniti voluptate et illum.','deleniti',728868,NULL,'1995-06-07 09:57:33','1976-03-14 07:32:32'),(37,37,37,'Sed doloremque ex eum inventore. Vel magnam quia aspernatur qui. Eveniet error aut qui consequatur maxime veniam ut. Quis nesciunt doloremque optio perferendis et doloribus possimus.','laboriosam',23374580,NULL,'1990-12-21 03:07:53','2003-08-02 01:38:55'),(38,38,38,'Explicabo vero eos animi totam maiores amet unde. Molestiae voluptates quae aut eum. Aut mollitia ratione qui. Omnis consequuntur sed soluta porro.','nostrum',0,NULL,'1981-01-22 00:24:35','2009-05-16 11:51:29'),(39,39,39,'Voluptate saepe ipsa non explicabo sit aut. Ut voluptatum autem optio nesciunt vitae eaque omnis.','voluptatem',9779083,NULL,'2010-02-02 14:45:34','2011-12-08 17:37:56'),(40,40,40,'Aperiam enim officia dolores autem laborum. Odit doloribus totam culpa numquam modi in non. Est vero quasi voluptatem ullam ut sunt ut.','et',875,NULL,'1999-10-19 04:52:44','2007-10-15 12:52:31'),(41,41,41,'Saepe sequi nihil impedit ut. Consequuntur aliquid qui sint est earum voluptatum voluptatum. Nesciunt delectus dignissimos corrupti dolor occaecati dolores.','modi',627773504,NULL,'2001-11-04 00:22:59','1981-06-13 08:45:05'),(42,42,42,'Iure maiores accusamus sequi nihil ipsum sed. Expedita distinctio soluta est qui et itaque. Fugit velit odit ut atque. Odio ut voluptatem magni accusamus eos et.','et',359,NULL,'2004-03-07 22:50:26','1995-11-12 06:52:30'),(43,43,43,'Earum eligendi ipsam iure ea repellat accusantium. Voluptatibus qui aut dolores quasi qui consequuntur. Fugit illo ut alias officia. Qui nisi blanditiis tenetur tenetur quibusdam. Adipisci ut autem dolores nihil aut laborum cum.','ut',0,NULL,'1987-04-22 19:38:16','2004-01-03 16:24:56'),(44,44,44,'Iste quis sed esse. Est non molestias voluptas corrupti voluptas sit. Asperiores harum at et.','quasi',95873268,NULL,'2013-04-03 18:16:43','1975-12-04 00:05:53'),(45,45,45,'Et fugit sit neque dolorem voluptas placeat. Nam quia odit quam eum. Ipsa natus quia repellat alias quia architecto. Soluta amet repudiandae vero facere totam eligendi.','neque',0,NULL,'1993-06-04 01:10:29','1997-02-04 12:45:34'),(46,46,46,'Quia voluptatem quam excepturi pariatur dicta quibusdam qui. Nisi officiis magnam doloribus sint. Id ipsa ut eum tenetur nemo. Neque ut dignissimos eaque veniam.','eaque',645552,NULL,'2006-03-20 10:50:06','2010-06-08 08:05:34'),(47,47,47,'Qui nihil non consectetur unde. Molestias architecto ut distinctio veritatis qui nobis.','consequuntur',73361,NULL,'1995-08-26 12:43:40','1974-07-29 04:43:23'),(48,48,48,'Sequi reprehenderit pariatur labore modi molestias consectetur. Est distinctio a quibusdam. Error qui dolore ad quidem quia. Distinctio in ab eligendi totam sequi eos temporibus.','fuga',57278,NULL,'2019-04-13 14:02:08','1970-07-22 05:55:20'),(49,49,49,'Dolores eum molestias consequatur consequatur sunt consequuntur repellendus ut. Ipsum repellendus ipsa tenetur inventore ut amet adipisci consectetur. Iste eligendi ea aut inventore dolores. Est quia omnis sint sit voluptate suscipit soluta.','sunt',0,NULL,'2005-02-05 02:52:54','1982-05-30 23:51:24'),(50,50,50,'Dolor voluptate soluta voluptatem ipsam autem quo quisquam maiores. Odit numquam consectetur quia consequatur dolor quos. Quia ipsum in voluptatem. Ut qui magnam maxime sit facere qui sunt vel. Quam recusandae minima et temporibus quas enim voluptatem.','dolorem',16,NULL,'2020-07-13 09:27:00','2018-01-05 02:37:31'),(51,51,51,'Impedit reiciendis fugiat perspiciatis veniam eius ea tempore. Non repellat tempore laborum ut. Iste officiis qui deleniti porro culpa quod fuga. Harum debitis sapiente autem ut nihil fugit.','enim',3,NULL,'1981-07-01 04:04:58','2014-07-23 06:16:34'),(52,52,52,'Voluptate quae provident totam placeat. Officia totam nihil voluptate saepe.','provident',41771357,NULL,'1986-05-14 03:09:56','1999-01-21 10:24:16'),(53,53,53,'Cupiditate sit maxime repellat atque est. Minus perspiciatis et aut natus quidem repellat quo.','et',8427480,NULL,'1980-02-19 18:59:28','1992-02-21 14:05:45'),(54,54,54,'Nihil quo neque quos qui. Molestias officiis ipsam voluptas et molestiae repellendus perferendis voluptatem. Suscipit unde odio quia dolores.','est',7,NULL,'2013-08-15 23:20:57','1973-05-03 08:00:38'),(55,55,55,'Aut deleniti dolor assumenda eligendi blanditiis. Distinctio deleniti commodi temporibus inventore dolorum numquam et. Corporis qui impedit sint nostrum.','at',0,NULL,'2013-08-29 13:52:04','2020-09-07 05:57:43'),(56,56,56,'Sed aut sit quo illum quos facilis incidunt quas. Aperiam doloribus odio illum ullam. Impedit voluptatem aliquid voluptatem quae ut qui repudiandae.','et',0,NULL,'1987-04-05 15:09:45','1984-06-09 19:29:16'),(57,57,57,'Aut omnis officiis odio nobis vel deserunt dignissimos eos. Facere doloribus nihil illum optio. Veritatis dolore occaecati quia tempore debitis esse nisi. Id officiis magni quo alias eius.','velit',0,NULL,'2014-04-17 23:22:14','2017-12-08 02:10:10'),(58,58,58,'Accusamus saepe aut quidem saepe praesentium. Aut in nesciunt iste debitis tempore. Inventore qui amet aut maiores.','non',75,NULL,'2017-10-05 17:58:09','2006-05-07 07:52:25'),(59,59,59,'Facilis inventore totam iusto quia. Placeat a laboriosam iure eum vel facere at sit.','porro',3394375,NULL,'2018-07-20 16:45:56','2009-06-27 20:19:09'),(60,60,60,'Ut quo eos sequi nam repellendus sunt rerum. Sed eaque perspiciatis repellendus sit. Aperiam nihil et corrupti ut. Mollitia excepturi assumenda quibusdam aspernatur eum et. Quia aperiam vitae debitis illum.','magni',128208350,NULL,'1979-02-09 02:42:40','1996-08-01 10:36:57'),(61,61,61,'Iure praesentium repellat temporibus dicta et beatae. Minima doloremque velit cumque quia minus temporibus et. Dolores aut ipsum dolorum. Aut ut ut omnis.','aspernatur',7331,NULL,'2014-06-04 18:07:35','1981-05-11 14:18:19'),(62,62,62,'Earum cupiditate accusamus inventore. Qui sed quia architecto maiores. Voluptates omnis quo esse quidem et.','vitae',0,NULL,'2013-10-30 20:31:17','2008-12-28 15:36:51'),(63,63,63,'Asperiores officiis quisquam mollitia occaecati sed ea. Quia a ipsum molestiae. Dignissimos omnis aut voluptates aut. Laudantium quia necessitatibus ipsa. Et excepturi dolores quod vero nisi ratione neque.','assumenda',2,NULL,'2002-01-09 03:31:20','1978-10-16 17:18:43'),(64,64,64,'Voluptatem sed neque nemo praesentium iste facere id ullam. Odit mollitia officia quis rem saepe. Quos occaecati repudiandae nesciunt ut praesentium enim.','repellat',784024,NULL,'1980-08-03 04:58:16','1979-02-20 20:12:54'),(65,65,65,'Earum modi sint non quae. Voluptatem mollitia animi mollitia voluptas quod ipsa perspiciatis quas. Praesentium ipsum rerum et ab.','culpa',4,NULL,'2000-10-01 04:29:20','2011-05-16 03:13:43'),(66,66,66,'Ut in recusandae recusandae sunt est commodi aperiam consequatur. Eum ea id cum ipsum cum aut. Et sit officiis ducimus rerum. Sunt ut accusantium amet saepe.','fuga',51,NULL,'1971-11-26 14:08:01','2007-08-02 23:13:02'),(67,67,67,'Quisquam ut nostrum in enim. Quis officiis quibusdam amet et. Quia sit eum laudantium qui assumenda nam dicta.','sapiente',0,NULL,'1985-12-15 02:13:34','1978-06-26 06:08:29'),(68,68,68,'Repellat numquam dolores et velit sit sapiente qui. Quia rerum quaerat harum delectus qui ea. Esse est quis est et sapiente. Et nihil iusto omnis perferendis.','sint',2286,NULL,'1988-05-09 19:10:18','1978-01-31 03:55:20'),(69,69,69,'Et cupiditate perspiciatis nam blanditiis. Corporis dolorem explicabo laboriosam repellendus tenetur. Error nihil quos est adipisci at et. Quia eos officia totam eum amet eius non temporibus.','quo',526968,NULL,'1987-05-05 12:30:54','1987-06-05 12:23:41'),(70,70,70,'Omnis autem sunt voluptatum voluptas dicta ut eos. Esse quo unde exercitationem enim adipisci sit consectetur adipisci. Est sed incidunt sed adipisci accusantium magni. Et magni autem deserunt nihil.','qui',2485968,NULL,'2010-11-25 22:12:39','1994-01-25 11:01:33'),(71,71,71,'Quas et quasi voluptatem et. Aut tempore sit recusandae eaque ipsum adipisci aliquam. Nisi repudiandae quia assumenda nostrum voluptate cumque est.','impedit',1609,NULL,'2019-11-24 09:46:17','2020-01-12 16:40:47'),(72,72,72,'Sed qui aut ex consequuntur adipisci. Enim reprehenderit id inventore deleniti omnis non nisi. Laboriosam eum perspiciatis delectus maiores quia.','modi',423614,NULL,'2008-10-08 01:18:09','2021-01-25 01:50:37'),(73,73,73,'Pariatur et nihil hic aut quod architecto magnam sit. In et temporibus suscipit adipisci facere cumque. Fuga earum quas ratione omnis quasi ratione voluptas. Dignissimos temporibus suscipit odit rem aut.','quos',95395681,NULL,'1981-02-20 07:14:17','2018-06-26 07:26:17'),(74,74,74,'Illum ex ducimus enim sunt explicabo. Quia placeat repellat voluptates non natus. Et expedita accusantium ipsam aliquid rerum quo aperiam.','dolores',666,NULL,'1995-07-03 06:32:28','2010-09-23 04:05:41'),(75,75,75,'Distinctio quaerat omnis ducimus at accusamus modi. Aut veniam ea dolor eaque modi ratione ut. Qui velit necessitatibus ducimus dignissimos temporibus beatae. Occaecati soluta dicta distinctio veritatis explicabo nam.','quis',0,NULL,'2001-01-11 09:26:13','2005-03-23 04:39:42'),(76,76,76,'Quo dolorum quidem maxime omnis qui dolorum. Ipsum et velit id nisi. Illum sed harum accusamus quasi minima est. Tempora id illum quo distinctio.','sint',39427,NULL,'1991-03-15 04:47:14','2011-12-09 13:32:24'),(77,77,77,'Repudiandae id tempore voluptas omnis et. Ipsam modi qui iusto et quidem vitae. Quod et maiores nihil ut cumque nihil. Quidem qui ratione dolor perspiciatis.','optio',8144,NULL,'2016-02-07 09:42:28','1995-06-11 19:21:14'),(78,78,78,'Est earum maiores sit ipsum quod. Laborum reiciendis qui repellendus aliquam molestiae. Et dicta ut sequi voluptatem voluptas ipsum accusamus voluptatem. Voluptatem eum rem animi laborum placeat. Et maxime aut aspernatur voluptatibus nulla.','soluta',80399719,NULL,'2004-08-04 21:31:44','1975-10-03 09:07:16'),(79,79,79,'Sunt eius sit beatae ut. Fuga veritatis fugit iusto et quis. Nobis quia aut sit odit mollitia. Et maiores et aperiam earum illo vitae.','hic',1701,NULL,'2012-01-20 14:19:56','2005-06-24 11:18:24'),(80,80,80,'Cupiditate aut quidem molestiae voluptate temporibus eos velit ipsum. Placeat nobis blanditiis molestias fugit ut et saepe. Sit neque ad in quidem voluptates. Modi numquam labore sint similique error.','voluptas',9641449,NULL,'1985-11-29 15:41:59','2017-05-09 02:25:51'),(81,81,81,'Est quia laudantium dicta quia et est. Eveniet aut atque est ducimus adipisci. Unde dolorem quibusdam voluptates nihil. Sint libero quis ut.','officiis',13914,NULL,'1986-05-12 19:14:38','2001-07-23 19:27:10'),(82,82,82,'Perferendis culpa placeat enim voluptatum et incidunt. Velit non et qui omnis sunt reprehenderit. Sed id distinctio ipsum quod asperiores voluptas aperiam ad. Non rerum dolores minima similique eligendi minima.','numquam',91733234,NULL,'1970-03-08 23:10:56','1989-09-21 00:14:45'),(83,83,83,'Saepe quibusdam enim iure ea tenetur. Ad voluptas consequuntur neque ex autem. Ipsam voluptas natus debitis laudantium atque voluptas non.','aut',37264982,NULL,'2000-04-24 11:23:13','1974-06-26 12:34:48'),(84,84,84,'Et laborum qui a in eos. Est praesentium necessitatibus nobis aut. Voluptatem atque vel doloribus ad accusantium.','ab',46829724,NULL,'2017-03-23 14:43:15','1973-09-15 22:46:22'),(85,85,85,'Voluptatem esse voluptatem odit perferendis. Impedit quidem dolore odio consectetur. Alias est vel explicabo quis.','ducimus',121047685,NULL,'2000-05-01 04:47:09','2009-10-29 12:18:28'),(86,86,86,'Et maxime expedita totam molestiae qui. Autem et non dolorum omnis expedita a. Quae facilis nesciunt nisi earum dolore iure.','quisquam',487895,NULL,'2002-08-09 11:31:07','1988-02-26 11:02:17'),(87,87,87,'Sed non ut consequatur ad. Voluptate voluptas voluptas doloribus rerum molestias dolores. Et inventore cumque molestias et.','hic',8,NULL,'2009-07-15 20:06:09','2002-03-07 03:16:54'),(88,88,88,'Nemo illo aliquid sunt enim aspernatur optio. A illum corporis debitis et et repellat. Qui nemo perspiciatis maiores ut consequuntur.','illum',74540,NULL,'1985-12-26 16:56:00','2012-06-09 12:33:49'),(89,89,89,'Consequatur incidunt et aut quia dolor veritatis doloribus. Facilis at possimus odit sequi explicabo. Voluptatum quia reiciendis nihil temporibus voluptas. Sunt non ad deleniti occaecati.','dolor',98,NULL,'2000-08-24 11:05:24','2013-06-17 18:09:57'),(90,90,90,'Molestiae nihil assumenda autem nostrum dolorum. Facilis sed impedit quos sunt vero sed sed. Voluptate dolor autem ab non deleniti non. Omnis aut enim eligendi deleniti nobis ullam error.','architecto',66574,NULL,'2002-10-10 20:16:27','2000-06-10 21:48:57'),(91,91,91,'Nihil est sint aliquid tempora praesentium. Sint vero sequi officiis distinctio. Beatae et ullam vitae aut. Fuga sint facere molestiae ut.','et',8739795,NULL,'2007-05-31 19:20:32','1981-02-17 00:39:55'),(92,92,92,'Commodi id nulla veritatis qui officia beatae. Ut explicabo quo totam sunt modi. Error quis enim ea sed officiis.','alias',631,NULL,'2019-05-26 15:49:26','2013-04-05 01:25:33'),(93,93,93,'Veniam exercitationem accusamus libero quisquam quae deleniti itaque asperiores. Alias perferendis eligendi et numquam totam placeat. Aut libero voluptatem nesciunt nihil. Tempora rerum est placeat inventore numquam in illo fugiat.','sunt',287,NULL,'2002-11-10 16:00:26','2018-11-30 09:56:52'),(94,94,94,'Commodi reprehenderit minima eveniet aperiam. Et exercitationem earum labore omnis sapiente eaque voluptas. Voluptatum quo dolorem minus aut et. Quisquam recusandae dolor corrupti earum fuga est.','voluptates',82538674,NULL,'1987-10-26 03:21:28','1972-12-07 09:36:20'),(95,95,95,'Assumenda magnam provident voluptas corporis nobis dolores magnam. Necessitatibus voluptatum nulla qui tempore inventore at. Iure totam neque et voluptatem omnis sed. Culpa ratione nam facilis provident consequatur ullam consequatur.','sed',116425117,NULL,'2009-08-24 06:14:26','1992-07-11 23:30:06'),(96,96,96,'Consequatur et facere dolor ullam ab. Doloremque accusamus voluptatem qui ea. Cupiditate nisi et sed facilis dolorem iste vitae. Debitis quia quia unde placeat.','quaerat',279711076,NULL,'2020-12-15 10:51:19','2001-11-18 11:34:37'),(97,97,97,'Consectetur blanditiis culpa et. Sunt ut quia minima. Natus animi at qui quasi.','eos',201796,NULL,'2020-12-05 18:46:28','1972-05-24 09:29:10'),(98,98,98,'Qui eveniet nulla facere voluptas eaque saepe. Ea ut et vel ipsa. Vitae magnam ut impedit nihil.','reiciendis',590709,NULL,'2010-10-08 16:27:49','1977-02-02 16:38:15'),(99,99,99,'Repudiandae id commodi voluptate doloribus. Qui saepe reprehenderit rerum omnis officia ut. Culpa dolorem consequatur at ea facere earum adipisci.','facilis',83859,NULL,'1992-08-10 04:46:32','1975-01-27 07:26:06'),(100,100,100,'Ipsum dignissimos quasi et vero laborum incidunt. Est omnis veritatis cum vel cupiditate ea. Necessitatibus amet voluptate omnis.','facere',279,NULL,'1976-07-01 13:53:13','2016-06-30 03:24:09');
/*!40000 ALTER TABLE `media` ENABLE KEYS */;
UNLOCK TABLES;

--
-- Table structure for table `media_types`
--

DROP TABLE IF EXISTS `media_types`;
/*!40101 SET @saved_cs_client     = @@character_set_client */;
/*!40101 SET character_set_client = utf8 */;
CREATE TABLE `media_types` (
                               `id` bigint(20) unsigned NOT NULL AUTO_INCREMENT,
                               `name` varchar(255) COLLATE utf8mb4_unicode_ci DEFAULT NULL,
                               `created_at` datetime DEFAULT current_timestamp(),
                               `updated_at` datetime DEFAULT current_timestamp() ON UPDATE current_timestamp(),
                               PRIMARY KEY (`id`)
) ENGINE=InnoDB AUTO_INCREMENT=101 DEFAULT CHARSET=utf8mb4 COLLATE=utf8mb4_unicode_ci;
/*!40101 SET character_set_client = @saved_cs_client */;

--
-- Dumping data for table `media_types`
--

LOCK TABLES `media_types` WRITE;
/*!40000 ALTER TABLE `media_types` DISABLE KEYS */;
INSERT INTO `media_types` VALUES (1,'laudantium','1979-08-16 22:55:17','2001-05-21 08:08:39'),(2,'ullam','1983-06-30 10:32:05','2002-12-15 05:43:33'),(3,'quae','1985-05-25 21:21:46','1978-08-29 03:06:51'),(4,'aut','1981-04-22 09:56:27','2013-11-28 12:39:17'),(5,'similique','1980-11-01 14:04:39','1979-03-30 23:43:08'),(6,'culpa','1974-05-14 23:30:57','1978-12-30 20:07:46'),(7,'tempore','1992-02-23 06:25:24','2017-02-10 07:32:58'),(8,'et','2005-12-07 06:14:49','1984-06-13 21:09:22'),(9,'enim','2000-09-28 16:37:33','2005-08-19 00:55:48'),(10,'reprehenderit','2001-05-08 01:41:59','2006-06-01 21:29:54'),(11,'iure','2004-07-24 11:11:17','1994-07-06 10:30:20'),(12,'velit','1997-06-11 03:21:25','1987-06-08 02:25:22'),(13,'adipisci','1970-04-24 07:33:44','1992-08-06 14:15:55'),(14,'tenetur','2001-03-19 22:26:04','1998-01-25 13:29:59'),(15,'vitae','1985-10-08 01:27:30','2010-11-16 06:58:13'),(16,'et','1995-10-17 12:52:30','2003-08-02 05:49:30'),(17,'expedita','1971-02-27 15:00:14','2001-12-28 12:06:03'),(18,'ipsam','1989-10-17 15:44:10','1986-06-25 18:55:53'),(19,'est','1983-06-30 20:50:04','1993-10-18 11:54:04'),(20,'nemo','1998-08-12 16:17:27','1996-12-23 08:01:46'),(21,'dicta','2011-10-13 23:12:18','1998-01-05 02:14:06'),(22,'mollitia','1995-07-08 13:45:02','1971-01-17 09:45:24'),(23,'placeat','2014-02-05 19:06:01','2005-09-28 17:47:20'),(24,'odit','1990-07-01 23:44:30','2006-04-22 06:55:29'),(25,'sunt','2008-11-26 16:41:35','1994-11-26 05:33:11'),(26,'quia','2007-10-24 19:17:29','2018-01-14 07:59:18'),(27,'voluptate','1986-08-05 03:04:19','1979-04-11 16:57:18'),(28,'ut','1999-02-08 03:37:53','2011-11-12 07:39:06'),(29,'aliquam','2002-04-10 14:05:49','1987-05-18 09:16:10'),(30,'qui','2003-07-26 11:11:41','2015-01-27 09:27:26'),(31,'quis','1998-08-27 01:43:27','1975-09-30 05:24:46'),(32,'animi','2009-05-29 00:09:19','1988-07-14 02:28:55'),(33,'corporis','1996-07-14 10:48:14','2015-02-10 17:26:44'),(34,'adipisci','2004-12-19 09:28:56','1984-07-24 11:46:22'),(35,'quia','2011-03-18 19:10:26','1996-06-02 05:33:41'),(36,'quisquam','1971-10-28 21:14:08','1991-04-01 14:55:16'),(37,'nisi','1996-10-17 08:31:30','1989-04-04 02:50:10'),(38,'laudantium','1979-02-06 10:42:25','2000-03-21 14:22:29'),(39,'iure','1994-06-25 20:48:15','1982-09-27 20:04:53'),(40,'quos','2000-10-29 01:46:19','2015-10-15 15:58:33'),(41,'non','2002-01-27 13:26:29','1991-08-03 20:06:57'),(42,'eos','1971-07-28 08:49:40','2005-12-06 23:33:07'),(43,'iste','2009-04-17 21:28:03','2018-12-28 18:51:04'),(44,'sit','2009-01-24 23:20:42','1978-03-24 04:44:45'),(45,'ab','2017-07-01 15:46:26','2013-11-05 17:31:08'),(46,'rerum','1987-03-31 12:43:44','2019-01-25 08:48:47'),(47,'dolores','2019-07-23 14:13:59','1998-06-18 11:16:32'),(48,'velit','1992-12-09 23:24:53','1979-07-17 03:46:18'),(49,'voluptas','2012-09-15 22:29:43','2001-10-28 22:32:25'),(50,'eius','2019-11-05 23:21:47','2012-04-11 17:54:46'),(51,'cumque','1999-09-25 13:13:12','2011-06-06 01:11:21'),(52,'tempore','2002-07-23 20:37:35','1986-03-13 12:12:55'),(53,'explicabo','1986-02-27 03:01:13','2018-05-29 23:56:42'),(54,'excepturi','2010-06-16 19:30:10','2018-07-05 17:35:39'),(55,'repudiandae','1982-10-30 12:46:38','1984-03-24 10:25:12'),(56,'voluptatibus','1980-11-22 08:55:50','1983-10-03 20:09:22'),(57,'praesentium','1996-07-15 08:35:21','1991-07-21 11:21:36'),(58,'reprehenderit','1991-11-16 06:08:00','1984-12-30 08:37:26'),(59,'dolores','1975-04-30 00:14:34','1982-07-06 17:57:17'),(60,'et','2000-06-13 18:05:41','1974-06-07 10:54:17'),(61,'odio','2009-04-12 16:07:38','2012-09-13 00:59:10'),(62,'tenetur','2001-08-20 17:35:49','1978-05-02 22:17:43'),(63,'illo','2003-01-09 13:23:00','1995-09-14 14:48:51'),(64,'ea','1995-05-27 12:44:25','1977-04-27 00:08:57'),(65,'exercitationem','1971-05-23 17:35:59','2016-03-13 23:47:21'),(66,'omnis','2001-01-30 17:42:38','1975-01-03 02:35:48'),(67,'adipisci','2002-02-03 09:14:20','1971-02-26 04:27:42'),(68,'illum','2019-10-05 13:07:42','2010-10-08 23:28:24'),(69,'dolore','2015-10-21 23:26:53','1974-02-26 04:19:14'),(70,'optio','1994-03-23 09:43:00','2001-01-07 00:24:08'),(71,'aut','2006-08-03 17:10:06','1978-10-12 03:51:41'),(72,'est','1998-01-12 10:26:20','1981-05-26 23:33:30'),(73,'est','1988-10-10 18:29:30','2004-06-03 07:33:50'),(74,'et','2008-03-04 22:23:06','2007-01-04 06:02:46'),(75,'et','2010-05-21 00:06:32','1998-03-30 02:51:18'),(76,'aut','1970-08-27 17:41:53','2006-01-15 03:52:32'),(77,'mollitia','2020-04-12 04:16:00','2009-04-08 13:10:56'),(78,'sed','1981-12-06 16:04:04','2009-06-20 11:03:53'),(79,'quia','1993-01-08 19:37:58','1970-08-31 22:57:39'),(80,'hic','2015-08-07 08:15:36','1992-10-24 10:54:02'),(81,'asperiores','1989-01-01 20:16:31','2014-12-09 14:23:45'),(82,'laborum','2003-04-24 13:55:39','2010-02-12 11:06:49'),(83,'ex','1974-05-31 14:57:43','2009-08-27 23:11:44'),(84,'dicta','2018-11-30 11:44:06','2007-12-30 07:27:05'),(85,'eligendi','1994-11-01 06:16:22','2005-03-20 22:33:17'),(86,'recusandae','1974-11-22 02:20:59','1981-06-17 03:42:00'),(87,'est','2008-07-09 13:28:44','1977-10-22 23:44:45'),(88,'voluptas','2015-08-21 02:56:34','1976-08-30 06:59:36'),(89,'rerum','1975-07-14 04:46:38','1977-08-04 22:15:56'),(90,'cupiditate','1988-09-13 12:48:32','2020-11-12 01:41:47'),(91,'atque','2008-09-26 14:10:16','1990-05-10 17:14:12'),(92,'dolor','1985-08-07 05:43:46','2005-03-21 06:58:37'),(93,'voluptas','2018-04-15 00:32:19','2011-11-29 05:23:36'),(94,'nihil','1971-06-08 09:28:18','2003-05-05 15:29:46'),(95,'ipsum','2016-10-19 11:46:54','2014-02-02 22:23:37'),(96,'commodi','2006-03-18 07:13:35','1996-11-23 01:51:59'),(97,'sit','1990-08-11 06:13:50','1993-12-11 11:07:25'),(98,'enim','1992-07-11 11:40:10','2020-03-01 23:53:38'),(99,'harum','2009-01-01 20:45:15','1997-08-10 00:19:57'),(100,'non','2009-12-26 00:39:54','2002-08-06 19:50:34');
/*!40000 ALTER TABLE `media_types` ENABLE KEYS */;
UNLOCK TABLES;

--
-- Table structure for table `messages`
--

DROP TABLE IF EXISTS `messages`;
/*!40101 SET @saved_cs_client     = @@character_set_client */;
/*!40101 SET character_set_client = utf8 */;
CREATE TABLE `messages` (
                            `id` bigint(20) unsigned NOT NULL AUTO_INCREMENT,
                            `from_user_id` bigint(20) unsigned NOT NULL,
                            `to_user_id` bigint(20) unsigned NOT NULL,
                            `body` text COLLATE utf8mb4_unicode_ci DEFAULT NULL,
                            `created_at` datetime DEFAULT current_timestamp(),
                            PRIMARY KEY (`id`),
                            KEY `from_user_id` (`from_user_id`),
                            KEY `to_user_id` (`to_user_id`),
                            CONSTRAINT `messages_ibfk_1` FOREIGN KEY (`from_user_id`) REFERENCES `users` (`id`) ON DELETE CASCADE ON UPDATE CASCADE,
                            CONSTRAINT `messages_ibfk_2` FOREIGN KEY (`to_user_id`) REFERENCES `users` (`id`) ON DELETE CASCADE ON UPDATE CASCADE
) ENGINE=InnoDB AUTO_INCREMENT=101 DEFAULT CHARSET=utf8mb4 COLLATE=utf8mb4_unicode_ci;
/*!40101 SET character_set_client = @saved_cs_client */;

--
-- Dumping data for table `messages`
--

LOCK TABLES `messages` WRITE;
/*!40000 ALTER TABLE `messages` DISABLE KEYS */;
INSERT INTO `messages` VALUES (1,1,1,'Facilis veritatis aut facilis dolor nulla harum. Facilis est aut molestiae et. Cum incidunt repellat possimus nemo voluptatem. Sed ut ut delectus sed repudiandae.','1990-06-08 14:50:22'),(2,2,2,'Ea sint nihil accusantium veritatis dolorem eveniet. Velit culpa quia amet. Suscipit corporis provident quia labore.','1991-03-26 03:02:53'),(3,3,3,'Assumenda rerum ut at et et sequi. Quas aliquam incidunt ut ipsum est. Vel est quod fugit impedit.','2007-06-07 13:58:44'),(4,4,4,'Non et temporibus dolor dolorem et sit dicta. Repellendus quod quaerat ab perspiciatis quibusdam occaecati. Tenetur dolorem dolorem quo excepturi fugit blanditiis sapiente consequatur.','1983-11-03 21:32:49'),(5,5,5,'Facere aliquam est consequuntur. Iusto est saepe error earum.','1988-10-29 18:37:28'),(6,6,6,'Et qui accusamus numquam atque enim temporibus. Ab provident magni quibusdam. Suscipit dolore quasi inventore corporis iure consectetur. Qui error ex sit et officia. Magnam aut et et repudiandae velit ut.','2009-03-16 18:55:23'),(7,7,7,'Est voluptatibus placeat eos expedita soluta qui. Aliquid ea praesentium repellat ut voluptatem a temporibus quis. Sint quia tempore omnis animi.','2016-02-07 00:18:34'),(8,8,8,'Impedit repellendus totam nulla nemo dolores ut. Dolor amet blanditiis voluptatem sunt in consequuntur incidunt. Porro ut facere eligendi perferendis aut sit nesciunt.','1990-12-25 15:45:08'),(9,9,9,'Velit accusantium atque occaecati odio. Voluptas iste velit repellat porro. Qui id sint consequatur necessitatibus hic. Iure molestias quasi sit velit excepturi non.','1983-05-23 00:00:10'),(10,10,10,'Recusandae reprehenderit sed nemo quod repellendus omnis. Sit sunt architecto aut praesentium quae error. Accusantium natus omnis voluptate. Occaecati ratione est doloremque voluptas reiciendis.','1998-10-18 10:19:02'),(11,11,11,'Nulla deserunt iusto ea et enim. Dicta molestias saepe eligendi perferendis. Non facere excepturi perferendis ut excepturi quaerat repellat.','1990-12-07 01:22:37'),(12,12,12,'Facere quo hic at assumenda eum non tempore reiciendis. Accusantium laborum qui consequatur quia rem. Tempora voluptates odio voluptatibus qui ut unde rerum.','2018-05-13 13:52:46'),(13,13,13,'Saepe quae et quia ut aliquam est architecto. Qui maxime molestias ullam et itaque ipsam. Eum sint sunt possimus animi mollitia possimus cumque ut. Unde vero veniam animi quasi error non sed.','1973-03-08 06:33:08'),(14,14,14,'Autem reiciendis expedita est harum. Perspiciatis quisquam nesciunt veniam ipsum distinctio. Autem enim sunt et quia dolore adipisci earum.','2016-11-30 05:34:05'),(15,15,15,'Esse laudantium est illo vel est consequuntur est. Soluta sint error quos facere natus enim. Nisi vero et pariatur. Veritatis iure in quibusdam laboriosam.','1989-10-06 08:51:14'),(16,16,16,'Eaque et ipsa odio adipisci quis soluta. Omnis occaecati explicabo aut harum eligendi sint. Aut qui debitis soluta id. Explicabo voluptatem sint est provident.','2013-07-12 12:51:09'),(17,17,17,'Unde dolor impedit molestiae et architecto fuga aspernatur. Est eveniet officia non ut voluptatum corporis. Et voluptas cumque delectus ut expedita hic sapiente. Commodi explicabo porro eaque.','2008-08-23 03:56:40'),(18,18,18,'Omnis rerum nihil veritatis laborum aut autem dolor expedita. Vitae autem quaerat et in. Rerum quasi expedita et. Fugiat voluptates placeat nostrum tenetur ut.','1983-01-07 15:04:26'),(19,19,19,'Reprehenderit temporibus quia quis facilis cum magni. Minus quo voluptatibus quos. Libero rerum qui quidem repellat porro occaecati quisquam. Quidem ex exercitationem sit quae in nostrum.','1971-05-22 07:28:45'),(20,20,20,'Itaque ducimus quas non modi deleniti nemo odio. Eos placeat et voluptas. Praesentium in et hic sunt nobis et dolorem.','1999-12-26 16:23:58'),(21,21,21,'Voluptatibus iure distinctio facilis a assumenda culpa. Omnis iusto ad eum soluta iusto necessitatibus esse. Dolor voluptatem quia quo quam quisquam.','2008-09-14 13:38:05'),(22,22,22,'Debitis et veniam quo voluptate neque enim. Corporis optio labore minima enim omnis earum adipisci. Fugiat tempore architecto harum fugit voluptatum voluptatum cum. Iure esse voluptatibus et est corporis impedit quia.','1992-03-25 19:07:33'),(23,23,23,'Sint totam qui et sequi voluptatem. Quis deserunt dolores sed nobis repellat sint repellendus voluptatem. Quae nulla totam error quo. Unde dolores nihil sequi non quasi.','1986-08-30 00:23:01'),(24,24,24,'Iste amet in ratione esse. Amet vero quia aut qui hic repellat ea. Neque error excepturi quaerat vel. Aut magni ut dolorem dolorem magnam exercitationem.','1991-09-08 14:05:15'),(25,25,25,'Architecto sapiente nam et voluptas ut quae. Quaerat corrupti harum rerum. Cum ut et rem quo.','1978-01-07 11:38:50'),(26,26,26,'Numquam et alias expedita tenetur placeat voluptas iste. Incidunt error enim sit esse molestias dolore non. Expedita et praesentium enim et pariatur culpa. Dicta sint aliquid dicta molestiae iusto eaque. Omnis iste expedita voluptatibus non sunt officiis.','2008-06-07 09:49:36'),(27,27,27,'Quos corporis id iste. Dignissimos laboriosam provident et soluta quia nihil. Voluptas praesentium repudiandae repellat et quasi deleniti. Quo impedit ipsam ea non quae et quo. Odit sit et iusto autem nulla quo sed.','2009-10-22 08:55:41'),(28,28,28,'Ipsa necessitatibus eligendi non a rerum. Sit dolores impedit aut sit consequatur modi molestiae. Sequi nesciunt accusantium dignissimos doloribus.','1986-08-07 18:40:04'),(29,29,29,'Est facilis tempora omnis aut quam pariatur voluptas. Ut dolorem voluptatem rerum quibusdam provident fuga. Molestiae suscipit reiciendis consequatur sit commodi similique enim.','2015-08-25 06:52:20'),(30,30,30,'Totam dolores omnis provident voluptate iste quam iste. Accusantium architecto hic non et non asperiores quibusdam veniam. Nostrum ad esse nemo id. Dolor quia occaecati eaque alias est ea.','1979-06-28 17:19:49'),(31,31,31,'Est hic animi sed fuga veritatis harum incidunt. Dolorem vero quibusdam nobis. Error qui atque quo ipsam magnam.','2016-09-14 06:26:36'),(32,32,32,'Non vel totam numquam quo similique labore. Eum corporis voluptatem inventore aut. Ducimus non exercitationem et et corporis animi ut. Officia optio nesciunt quia.','2005-06-29 11:47:56'),(33,33,33,'Sit inventore laudantium consequatur cupiditate ab numquam. Necessitatibus dolorum a quasi consequatur voluptates blanditiis aliquid. Quaerat sed sunt repellat quis magnam itaque eligendi sint. Praesentium dolores voluptatem debitis ab enim aut reiciendis.','2016-09-12 08:01:06'),(34,34,34,'Ratione beatae soluta ratione ut consequatur et est. Deserunt rem porro distinctio fugiat inventore dolorem. Sunt et accusantium voluptas quibusdam ut molestiae. Harum quibusdam velit magni maxime voluptas eos maxime.','1996-12-23 12:52:37'),(35,35,35,'Est tempore et iusto voluptatem nihil eum quam. Ut quo aliquam vero fuga inventore. Quo commodi laboriosam expedita. Numquam odit vitae at dolor.','1987-03-19 18:58:59'),(36,36,36,'Similique dolore et et minima. Dolorem iusto aut qui vitae quia porro. Suscipit praesentium ratione amet dicta qui cupiditate at sequi. Laboriosam a quam iusto quisquam vitae quasi.','2012-07-04 18:01:28'),(37,37,37,'Placeat autem quas voluptas assumenda et eligendi. Asperiores odit doloremque non vitae ipsa exercitationem distinctio quod. Vero qui nam magnam modi ea est. Assumenda a eveniet nobis nam sunt.','1974-02-06 18:00:14'),(38,38,38,'Neque deserunt a consectetur mollitia perspiciatis magni qui. Error quis iure odit. Corrupti illo et molestiae nostrum aliquam.','1980-02-13 02:53:11'),(39,39,39,'Aut nihil ut laudantium non. Fugiat commodi hic quaerat nulla. Porro tenetur ducimus quos dolor rerum.','2020-06-14 07:42:07'),(40,40,40,'Minus esse ad quaerat voluptatibus in odit ut. Vel aut ut et id sit recusandae. Consequuntur rerum reiciendis voluptatum soluta est debitis quos ut. Iusto commodi praesentium quos officiis consequuntur non sit.','2018-07-04 05:32:51'),(41,41,41,'Eius quae omnis minus ut tenetur dolores beatae. Eius ut optio sit possimus dignissimos aperiam. Non eius veniam pariatur qui maxime quod. Magnam ut et rerum pariatur iusto et et ut.','1986-10-09 06:59:24'),(42,42,42,'Odit porro officia necessitatibus. Sit totam minus sit aut velit. Labore ducimus eligendi beatae. Voluptatem saepe molestiae ut natus cumque fugit rem est.','1996-07-26 11:28:40'),(43,43,43,'Doloremque cupiditate laborum porro qui impedit. Aut blanditiis et maiores odit in tempora.','1992-04-30 13:11:02'),(44,44,44,'Nihil necessitatibus rem libero at. Ut dolores nobis aliquid rerum odit perspiciatis repudiandae. Voluptatibus animi nisi laudantium expedita nihil est. Eos et aut cupiditate nobis odit ut exercitationem.','2010-09-29 22:12:09'),(45,45,45,'Atque facere reiciendis veritatis quidem iste. Eveniet dolor nobis qui rerum suscipit illum harum consequatur. Aperiam quia perferendis in culpa dolorem enim voluptatibus impedit.','2016-04-21 02:13:45'),(46,46,46,'In nobis nemo voluptas. Et provident blanditiis necessitatibus autem perferendis ducimus. Rerum quis rerum similique et voluptatibus adipisci. Possimus soluta deserunt placeat laborum non at. In dicta quasi beatae.','1991-12-07 22:41:29'),(47,47,47,'Porro aut dolor qui explicabo voluptas. Eligendi dolor inventore nobis sed praesentium. Debitis quaerat excepturi assumenda excepturi.','2009-05-15 21:09:06'),(48,48,48,'Aut occaecati sint deleniti rerum. Itaque qui officia aut. Voluptate ipsum amet nihil tenetur aperiam est velit sit. Earum dolor repudiandae maiores.','2011-06-17 12:18:47'),(49,49,49,'Ipsam maiores natus veritatis totam cum. Porro consectetur temporibus voluptatem consequatur. Unde molestiae facere magnam eum. Odit soluta ipsa voluptatem nostrum quibusdam vel.','2015-05-12 10:22:59'),(50,50,50,'Tempore officiis commodi et atque doloribus ea qui. Quam et amet rerum sed doloribus in id. Quam explicabo est non sit sit non.','1994-02-27 00:50:41'),(51,51,51,'Aliquam nihil est voluptatem officiis quis. Optio sapiente ipsa ut optio. Deserunt voluptas et sapiente.','2011-12-04 07:29:39'),(52,52,52,'Quidem molestias ut quidem expedita. Deserunt eligendi molestiae autem ea occaecati optio sit.','1978-09-09 19:55:38'),(53,53,53,'Esse est sequi distinctio quidem. Beatae voluptas sapiente eius. Omnis quod ipsum natus cupiditate eos est qui ratione. Est et itaque quo qui placeat harum.','1973-12-11 15:06:36'),(54,54,54,'Excepturi est aut perspiciatis fuga autem amet hic qui. Repellendus incidunt recusandae sit ex. Culpa corrupti dolorem asperiores tempore dicta dolorem.','1997-06-19 22:19:29'),(55,55,55,'Rerum qui totam sapiente. Est velit at nam optio asperiores. Commodi qui cum nobis suscipit eum accusamus perspiciatis. Aut omnis aut corporis.','1998-06-27 07:05:27'),(56,56,56,'Vel doloribus quisquam et rerum deleniti exercitationem. Rerum assumenda qui aut accusantium. Et hic placeat nihil voluptas. Quam velit est eius vel consequatur delectus dolores.','1975-01-21 02:10:52'),(57,57,57,'Dolorem autem aut quia et sint saepe. Et animi minus atque amet occaecati voluptatum. Veniam molestiae omnis omnis deserunt quis. Voluptas quis maiores ut excepturi illum.','1986-07-01 17:16:50'),(58,58,58,'Dicta sint maxime quos consequatur iusto rerum quisquam. Saepe et eius ab aliquam rerum. Aut dolorem et consequatur consequatur qui ab aut quas. Id necessitatibus quis maiores sunt.','2007-12-17 04:13:27'),(59,59,59,'Fuga laboriosam sint aut occaecati. Aut praesentium laudantium qui fuga sunt. Aut dolorum et occaecati repellat incidunt illum. Quisquam aut doloribus assumenda ea dignissimos quaerat porro.','2013-06-13 05:08:50'),(60,60,60,'Tempora aperiam ullam maiores iure fugiat a. Consequuntur necessitatibus aut provident sint praesentium voluptatum aut. In sed rerum rerum quis quia odit aliquid doloribus. Voluptatibus sequi dignissimos qui molestiae.','1978-12-15 10:26:47'),(61,61,61,'Iste voluptatem in earum reprehenderit commodi illum. Ut nostrum quia distinctio consequatur ut. Libero omnis dicta id voluptatem architecto tempore.','2010-04-02 14:59:11'),(62,62,62,'Modi sint iure ut sapiente non est pariatur. Rerum magnam qui fugiat accusantium. Itaque a numquam nulla reprehenderit dolorem quaerat iure aliquid. Molestiae unde totam eos accusantium harum a odit.','2000-08-19 00:28:04'),(63,63,63,'Repudiandae consequatur doloremque quis consequuntur. Facilis explicabo ut perspiciatis ipsum doloribus.','2007-07-27 21:37:50'),(64,64,64,'Repellendus nobis debitis voluptatibus sit qui culpa. Dolores quia omnis labore. In illum nisi aperiam quisquam minima nulla laborum.','1980-11-24 21:46:30'),(65,65,65,'Sunt deleniti ratione corporis sint. Ex molestiae nostrum velit voluptas. In laboriosam voluptatem aliquam dolores quisquam magni ipsa. Fuga et velit magnam maxime.','1983-01-08 05:49:39'),(66,66,66,'Quis aut vero ea fuga. Eveniet excepturi soluta veniam et non. Eum ducimus omnis mollitia officia ut. Est quis quo incidunt eius aut tempora eum.','2004-06-19 02:30:11'),(67,67,67,'Sed soluta ducimus consectetur necessitatibus. Blanditiis aut iusto voluptas vero odit minus. Omnis harum similique qui harum.','1997-08-30 21:42:55'),(68,68,68,'Maxime eaque voluptatum quidem ducimus. Quaerat aspernatur qui magnam ea aut nisi unde. Voluptatibus velit id accusantium totam enim est. Accusantium quo provident aut quam reiciendis voluptates velit.','1984-07-28 20:48:27'),(69,69,69,'Ipsum dolores alias aut omnis modi itaque nam et. Corporis incidunt ut et nam sed asperiores rerum. Adipisci quia omnis iure quasi sunt dignissimos. Ut doloribus incidunt iure qui dicta.','1996-04-10 21:25:45'),(70,70,70,'Dolorum sed fugiat ducimus velit nulla quia reprehenderit. Aliquam possimus occaecati beatae labore repellendus dolores. Et qui autem perspiciatis.','2007-09-28 23:37:04'),(71,71,71,'Aliquam quia optio commodi ut. Itaque et voluptas natus molestias fugit distinctio qui.','1998-03-25 04:00:31'),(72,72,72,'Perferendis nisi tempora ut velit. Eligendi perferendis aperiam est error nam dolores. Esse quia consectetur adipisci voluptatem natus.','1985-04-07 07:22:05'),(73,73,73,'Nemo veniam aliquid ut est magni et perferendis. Voluptatem illum ut quo earum quae nulla. Magni et facilis cumque rerum quam.','2004-02-13 18:35:27'),(74,74,74,'Qui ut repudiandae aspernatur vero aliquam. Non rerum omnis eum porro omnis voluptas non. Nulla eveniet assumenda consequatur itaque voluptas explicabo nulla velit.','1973-10-07 04:28:35'),(75,75,75,'Ea et magnam nihil soluta officiis reiciendis temporibus. At optio animi nihil deleniti et quia. Consequatur adipisci praesentium debitis ducimus id dolorem corporis. Aut iste quaerat nulla animi.','2006-09-01 11:28:18'),(76,76,76,'Nemo architecto vel ut. Nam alias facilis qui et. Quam sit rerum blanditiis mollitia voluptas et repellat. Labore aut odio labore sed tenetur quia velit voluptatem.','2004-04-29 05:47:59'),(77,77,77,'Unde modi ut explicabo aspernatur. Odio eaque nihil dolores ea ut et. Voluptas et dignissimos soluta officiis est quo unde. Et rerum rerum nihil ducimus animi et.','2000-09-23 03:40:06'),(78,78,78,'Molestias commodi maxime totam repudiandae est. Ea inventore cumque ut minus. Minima quibusdam nam repudiandae consequatur dolorum doloremque ex. Omnis sit inventore iusto dolor delectus laborum quos.','1996-02-23 04:22:33'),(79,79,79,'Ut quod non ut aperiam qui qui veniam. Similique rerum ut accusamus officia. Dolor sint magni modi mollitia quia odio similique.','1997-05-30 22:49:11'),(80,80,80,'Consequatur repellat voluptatem facilis cum non rerum. Aut voluptatem cupiditate expedita dignissimos eveniet sint inventore. Assumenda in reiciendis consequatur.','1985-07-07 20:01:02'),(81,81,81,'Accusamus enim quia distinctio sed. Dicta laborum vel et eaque quidem tempore rerum. Doloribus dolore eaque rem id.','1992-10-22 06:43:02'),(82,82,82,'Sequi nihil impedit aut expedita rem. Omnis quia unde tempora adipisci quidem. At totam ad dolor sunt. Quas cupiditate aut temporibus.','1993-04-27 09:39:28'),(83,83,83,'Sint dolor qui facere maxime dignissimos fugit. Dolore hic est est quis distinctio voluptatem voluptatem. Veritatis quam at rerum ea enim ea aut ut. Dolorum non tempore et consequatur.','1971-02-24 10:41:06'),(84,84,84,'Sed sunt explicabo est ab dolore mollitia omnis qui. Aut et non qui voluptatem deserunt. Id totam laborum dolore fuga.','1997-12-19 00:56:45'),(85,85,85,'Ut voluptatibus eligendi ullam similique at ratione. Illum provident cupiditate similique sint. Quam ea ad nostrum debitis animi excepturi quam provident.','1975-11-08 17:54:33'),(86,86,86,'Sint illo eaque officiis non. Repudiandae dicta error est veniam.','1983-08-31 08:49:49'),(87,87,87,'Possimus nesciunt quis repellat quis nisi deleniti voluptatem accusamus. Itaque omnis perferendis et deleniti qui voluptatibus accusamus. Quo non ipsam commodi tenetur omnis non.','2017-09-25 18:25:57'),(88,88,88,'Consequatur veniam officia cupiditate non et est autem. Perferendis et id consequuntur tempore ratione. Ipsum consequuntur cupiditate ut voluptatem. Sint quis enim asperiores sed eos aut nesciunt.','1974-02-13 11:12:45'),(89,89,89,'Ipsa tempora dolor unde expedita reiciendis. Nulla mollitia nihil qui officia ullam et. Officia ipsum culpa minus sapiente est eum quia. Et enim possimus quo ea illo. Et et aperiam ut odio temporibus et enim.','2013-10-29 23:05:16'),(90,90,90,'Dignissimos soluta consequatur aliquid placeat pariatur laudantium necessitatibus voluptas. Veritatis ipsam itaque qui autem. Velit et animi et repellendus. Numquam et sint consequatur quia et.','1978-04-06 00:11:38'),(91,91,91,'Nostrum aliquid magni odio eos unde. Placeat nemo nostrum ea quasi ducimus ad. Consectetur tempora sit doloribus. Ab sunt delectus nisi qui quia animi.','2006-03-05 04:40:47'),(92,92,92,'Repudiandae omnis eveniet consequuntur rerum est. Voluptate eaque porro et sapiente est molestiae. Veritatis et perferendis et quibusdam quis id alias. Fugit omnis occaecati eligendi necessitatibus est illo.','1978-06-01 10:37:33'),(93,93,93,'Odio voluptas aut quia id soluta in modi. Sit ex architecto debitis voluptas odio quia quo. Adipisci optio sed debitis et aut.','1983-05-22 01:59:08'),(94,94,94,'A aut eaque ut cumque. Facere alias quia quis et iure debitis tenetur. Omnis delectus et et aut. Et cum consectetur nam ullam rem.','2012-09-10 23:29:55'),(95,95,95,'Voluptate iusto aut dolorem est vero corporis. Vero atque voluptatem omnis culpa quis. Harum et perferendis quisquam ad nostrum nostrum qui.','1981-06-22 00:04:10'),(96,96,96,'Eveniet alias pariatur in vitae explicabo. Qui maxime adipisci culpa enim quis eveniet laudantium. Voluptatem optio itaque at at. Sunt molestias nulla iure est.','2001-07-18 07:58:57'),(97,97,97,'Quis distinctio dolorem deleniti neque facilis maxime commodi. Qui quam ducimus porro autem atque neque inventore. Tenetur mollitia nobis temporibus consectetur. Labore aut temporibus delectus ab ducimus sed.','2013-10-20 03:49:16'),(98,98,98,'Eaque velit alias ea non. Maiores sunt incidunt aut ut illo sit. Asperiores et esse perspiciatis sit voluptatibus suscipit.','1981-05-24 22:32:51'),(99,99,99,'Voluptatem exercitationem velit enim non. Repellat ipsa temporibus rerum nostrum asperiores. Dolorum ea occaecati temporibus fugiat. Est veniam tempora a quis illum.','1979-03-20 14:54:08'),(100,100,100,'Autem nemo hic nam veniam. Sunt et ducimus distinctio consequatur illo enim. Natus itaque nostrum dolor quam. Veritatis repudiandae doloremque odio odit quia explicabo illo blanditiis.','1988-05-18 00:15:19');
/*!40000 ALTER TABLE `messages` ENABLE KEYS */;
UNLOCK TABLES;

--
-- Table structure for table `photo_albums`
--

DROP TABLE IF EXISTS `photo_albums`;
/*!40101 SET @saved_cs_client     = @@character_set_client */;
/*!40101 SET character_set_client = utf8 */;
CREATE TABLE `photo_albums` (
                                `id` bigint(20) unsigned NOT NULL AUTO_INCREMENT,
                                `name` varchar(255) COLLATE utf8mb4_unicode_ci DEFAULT NULL,
                                `user_id` bigint(20) unsigned DEFAULT NULL,
                                PRIMARY KEY (`id`),
                                UNIQUE KEY `id` (`id`),
                                KEY `user_id` (`user_id`),
                                CONSTRAINT `photo_albums_ibfk_1` FOREIGN KEY (`user_id`) REFERENCES `users` (`id`) ON DELETE SET NULL ON UPDATE CASCADE
) ENGINE=InnoDB AUTO_INCREMENT=101 DEFAULT CHARSET=utf8mb4 COLLATE=utf8mb4_unicode_ci;
/*!40101 SET character_set_client = @saved_cs_client */;

--
-- Dumping data for table `photo_albums`
--

LOCK TABLES `photo_albums` WRITE;
/*!40000 ALTER TABLE `photo_albums` DISABLE KEYS */;
INSERT INTO `photo_albums` VALUES (1,'illum',1),(2,'nemo',2),(3,'facilis',3),(4,'aliquid',4),(5,'non',5),(6,'expedita',6),(7,'repellat',7),(8,'at',8),(9,'dolor',9),(10,'velit',10),(11,'reiciendis',11),(12,'qui',12),(13,'voluptatem',13),(14,'similique',14),(15,'corrupti',15),(16,'soluta',16),(17,'omnis',17),(18,'magni',18),(19,'dolorem',19),(20,'ad',20),(21,'sunt',21),(22,'necessitatibus',22),(23,'modi',23),(24,'expedita',24),(25,'ad',25),(26,'ut',26),(27,'fuga',27),(28,'ab',28),(29,'repellat',29),(30,'ut',30),(31,'quia',31),(32,'dolores',32),(33,'animi',33),(34,'ut',34),(35,'laboriosam',35),(36,'voluptatem',36),(37,'facilis',37),(38,'aspernatur',38),(39,'at',39),(40,'vel',40),(41,'alias',41),(42,'omnis',42),(43,'qui',43),(44,'facere',44),(45,'molestiae',45),(46,'ea',46),(47,'id',47),(48,'reprehenderit',48),(49,'ut',49),(50,'dolores',50),(51,'eum',51),(52,'dolor',52),(53,'ad',53),(54,'animi',54),(55,'eum',55),(56,'ad',56),(57,'voluptatibus',57),(58,'maiores',58),(59,'nihil',59),(60,'voluptatum',60),(61,'perferendis',61),(62,'et',62),(63,'libero',63),(64,'et',64),(65,'iusto',65),(66,'ab',66),(67,'ut',67),(68,'architecto',68),(69,'aut',69),(70,'qui',70),(71,'mollitia',71),(72,'dolorem',72),(73,'velit',73),(74,'cum',74),(75,'modi',75),(76,'qui',76),(77,'dolorem',77),(78,'ipsa',78),(79,'asperiores',79),(80,'neque',80),(81,'libero',81),(82,'minima',82),(83,'iste',83),(84,'omnis',84),(85,'quis',85),(86,'quidem',86),(87,'dolor',87),(88,'quidem',88),(89,'ducimus',89),(90,'aut',90),(91,'sint',91),(92,'dolorum',92),(93,'reiciendis',93),(94,'ducimus',94),(95,'facilis',95),(96,'quos',96),(97,'quasi',97),(98,'neque',98),(99,'a',99),(100,'eum',100);
/*!40000 ALTER TABLE `photo_albums` ENABLE KEYS */;
UNLOCK TABLES;

--
-- Table structure for table `photos`
--

DROP TABLE IF EXISTS `photos`;
/*!40101 SET @saved_cs_client     = @@character_set_client */;
/*!40101 SET character_set_client = utf8 */;
CREATE TABLE `photos` (
                          `id` bigint(20) unsigned NOT NULL AUTO_INCREMENT,
                          `album_id` bigint(20) unsigned NOT NULL,
                          `media_id` bigint(20) unsigned NOT NULL,
                          PRIMARY KEY (`id`),
                          KEY `album_id` (`album_id`),
                          KEY `media_id` (`media_id`),
                          CONSTRAINT `photos_ibfk_1` FOREIGN KEY (`album_id`) REFERENCES `photo_albums` (`id`) ON DELETE CASCADE ON UPDATE CASCADE,
                          CONSTRAINT `photos_ibfk_2` FOREIGN KEY (`media_id`) REFERENCES `media` (`id`) ON DELETE CASCADE ON UPDATE CASCADE
) ENGINE=InnoDB AUTO_INCREMENT=101 DEFAULT CHARSET=utf8mb4 COLLATE=utf8mb4_unicode_ci;
/*!40101 SET character_set_client = @saved_cs_client */;

--
-- Dumping data for table `photos`
--

LOCK TABLES `photos` WRITE;
/*!40000 ALTER TABLE `photos` DISABLE KEYS */;
INSERT INTO `photos` VALUES (1,1,1),(2,2,2),(3,3,3),(4,4,4),(5,5,5),(6,6,6),(7,7,7),(8,8,8),(9,9,9),(10,10,10),(11,11,11),(12,12,12),(13,13,13),(14,14,14),(15,15,15),(16,16,16),(17,17,17),(18,18,18),(19,19,19),(20,20,20),(21,21,21),(22,22,22),(23,23,23),(24,24,24),(25,25,25),(26,26,26),(27,27,27),(28,28,28),(29,29,29),(30,30,30),(31,31,31),(32,32,32),(33,33,33),(34,34,34),(35,35,35),(36,36,36),(37,37,37),(38,38,38),(39,39,39),(40,40,40),(41,41,41),(42,42,42),(43,43,43),(44,44,44),(45,45,45),(46,46,46),(47,47,47),(48,48,48),(49,49,49),(50,50,50),(51,51,51),(52,52,52),(53,53,53),(54,54,54),(55,55,55),(56,56,56),(57,57,57),(58,58,58),(59,59,59),(60,60,60),(61,61,61),(62,62,62),(63,63,63),(64,64,64),(65,65,65),(66,66,66),(67,67,67),(68,68,68),(69,69,69),(70,70,70),(71,71,71),(72,72,72),(73,73,73),(74,74,74),(75,75,75),(76,76,76),(77,77,77),(78,78,78),(79,79,79),(80,80,80),(81,81,81),(82,82,82),(83,83,83),(84,84,84),(85,85,85),(86,86,86),(87,87,87),(88,88,88),(89,89,89),(90,90,90),(91,91,91),(92,92,92),(93,93,93),(94,94,94),(95,95,95),(96,96,96),(97,97,97),(98,98,98),(99,99,99),(100,100,100);
/*!40000 ALTER TABLE `photos` ENABLE KEYS */;
UNLOCK TABLES;

--
-- Table structure for table `profiles`
--

DROP TABLE IF EXISTS `profiles`;
/*!40101 SET @saved_cs_client     = @@character_set_client */;
/*!40101 SET character_set_client = utf8 */;
CREATE TABLE `profiles` (
                            `user_id` bigint(20) unsigned NOT NULL AUTO_INCREMENT,
                            `gender` char(1) COLLATE utf8mb4_unicode_ci DEFAULT NULL,
                            `birthday` date DEFAULT NULL,
                            `photo_id` bigint(20) unsigned DEFAULT NULL,
                            `created_at` datetime DEFAULT current_timestamp(),
                            `hometown` varchar(100) COLLATE utf8mb4_unicode_ci DEFAULT NULL,
                            PRIMARY KEY (`user_id`),
                            KEY `fk_photo_id` (`photo_id`),
                            CONSTRAINT `fk_photo_id` FOREIGN KEY (`photo_id`) REFERENCES `photos` (`id`) ON DELETE SET NULL ON UPDATE CASCADE,
                            CONSTRAINT `fk_user_id` FOREIGN KEY (`user_id`) REFERENCES `users` (`id`) ON DELETE CASCADE ON UPDATE CASCADE
) ENGINE=InnoDB AUTO_INCREMENT=101 DEFAULT CHARSET=utf8mb4 COLLATE=utf8mb4_unicode_ci;
/*!40101 SET character_set_client = @saved_cs_client */;

--
-- Dumping data for table `profiles`
--

LOCK TABLES `profiles` WRITE;
/*!40000 ALTER TABLE `profiles` DISABLE KEYS */;
INSERT INTO `profiles` VALUES (1,'M','2019-05-17',1,'1998-08-03 21:20:56',NULL),(2,'M','1984-11-11',2,'1984-10-05 19:03:14',NULL),(3,'F','1991-07-22',3,'2016-04-16 03:52:27',NULL),(4,'F','1996-07-13',4,'1973-04-22 07:44:51',NULL),(5,'F','2010-01-04',5,'1998-09-23 21:56:42',NULL),(6,'F','2011-07-30',6,'2011-03-22 12:59:16',NULL),(7,'M','1995-12-06',7,'1988-04-30 07:40:09',NULL),(8,'F','1983-10-25',8,'2001-08-22 21:42:42',NULL),(9,'M','1986-02-09',9,'2017-04-07 01:29:47',NULL),(10,'F','1989-10-28',10,'2013-08-01 04:19:13',NULL),(11,'M','2001-03-17',11,'2008-05-26 01:24:53',NULL),(12,'M','1978-05-20',12,'1992-04-30 21:42:49',NULL),(13,'F','2004-08-28',13,'2004-04-29 12:35:01',NULL),(14,'F','2018-05-01',14,'1999-04-12 15:12:22',NULL),(15,'M','2010-08-02',15,'1986-11-14 17:43:59',NULL),(16,'F','2000-03-13',16,'1979-06-25 08:48:15',NULL),(17,'F','1976-08-31',17,'2009-06-25 00:34:20',NULL),(18,'M','1981-07-28',18,'1977-09-08 11:16:14',NULL),(19,'F','2009-01-01',19,'2008-11-10 09:26:19',NULL),(20,'M','2000-01-18',20,'1983-08-20 12:36:36',NULL),(21,'F','2016-05-13',21,'1979-09-27 18:14:50',NULL),(22,'M','2009-05-08',22,'1986-04-04 20:06:35',NULL),(23,'M','1984-03-08',23,'2003-11-02 20:26:11',NULL),(24,'F','1991-01-14',24,'1982-08-27 20:55:43',NULL),(25,'M','1986-08-21',25,'1997-08-10 21:23:01',NULL),(26,'F','2001-11-09',26,'1983-09-04 21:16:45',NULL),(27,'F','1983-08-22',27,'1998-05-23 22:15:13',NULL),(28,'F','1974-02-27',28,'1994-04-29 23:49:05',NULL),(29,'M','1978-06-02',29,'2008-01-01 05:06:56',NULL),(30,'F','1992-12-09',30,'1976-09-14 11:55:30',NULL),(31,'M','1984-12-17',31,'1995-12-09 17:18:59',NULL),(32,'F','2005-05-29',32,'2019-03-31 05:33:57',NULL),(33,'M','2001-08-15',33,'1977-03-16 17:44:02',NULL),(34,'M','1984-11-05',34,'2012-02-15 02:32:16',NULL),(35,'F','1997-01-10',35,'1998-05-27 16:55:38',NULL),(36,'F','2003-06-15',36,'2017-03-11 21:22:59',NULL),(37,'M','2002-04-25',37,'1987-12-19 05:59:44',NULL),(38,'M','1995-01-03',38,'1975-01-15 08:16:08',NULL),(39,'M','2001-08-10',39,'2002-06-23 06:26:42',NULL),(40,'F','1994-02-28',40,'1992-08-14 22:30:47',NULL),(41,'M','1971-12-07',41,'2013-04-23 19:28:14',NULL),(42,'M','1992-10-10',42,'2018-11-10 11:12:23',NULL),(43,'M','1989-10-15',43,'1989-01-03 22:28:16',NULL),(44,'F','1986-02-01',44,'1980-11-25 01:09:32',NULL),(45,'M','1977-08-03',45,'2006-12-15 03:55:34',NULL),(46,'M','2004-02-17',46,'1999-05-16 18:26:04',NULL),(47,'M','1985-05-16',47,'2000-06-03 16:43:12',NULL),(48,'M','1989-07-12',48,'1972-02-29 07:40:51',NULL),(49,'F','2021-01-04',49,'1988-11-02 02:21:04',NULL),(50,'F','2015-09-18',50,'1986-10-25 18:33:32',NULL),(51,'F','1986-08-19',51,'2008-10-03 17:22:24',NULL),(52,'M','2018-03-28',52,'1997-01-10 07:25:53',NULL),(53,'F','2010-04-07',53,'2006-08-14 06:40:29',NULL),(54,'F','2000-04-29',54,'1980-04-06 09:32:54',NULL),(55,'F','2013-04-19',55,'1993-12-31 15:20:12',NULL),(56,'F','2004-11-17',56,'2012-03-16 03:39:07',NULL),(57,'F','1978-12-06',57,'1996-12-28 23:46:06',NULL),(58,'F','1970-06-12',58,'1978-01-25 15:46:51',NULL),(59,'M','1992-01-26',59,'2013-07-31 15:24:10',NULL),(60,'F','1998-07-26',60,'2000-08-02 00:00:45',NULL),(61,'M','2020-11-03',61,'1999-04-26 08:01:31',NULL),(62,'F','2006-08-04',62,'1993-11-30 10:03:00',NULL),(63,'F','2009-08-06',63,'2003-10-29 10:49:04',NULL),(64,'M','2008-01-01',64,'2010-10-25 21:59:40',NULL),(65,'F','1971-09-19',65,'1997-09-19 17:16:04',NULL),(66,'M','2010-09-29',66,'2010-01-17 12:26:06',NULL),(67,'F','1994-10-26',67,'1986-08-14 10:38:52',NULL),(68,'F','2001-07-19',68,'2011-05-15 04:24:41',NULL),(69,'F','1991-11-16',69,'2009-04-27 22:40:12',NULL),(70,'M','1975-02-17',70,'1979-05-02 06:05:17',NULL),(71,'F','2001-01-03',71,'1992-02-04 11:13:04',NULL),(72,'F','2007-10-01',72,'2002-07-24 08:45:52',NULL),(73,'M','2020-01-08',73,'2012-05-12 05:47:03',NULL),(74,'F','1985-07-13',74,'1987-05-03 13:05:19',NULL),(75,'M','1979-07-20',75,'2003-11-10 21:55:48',NULL),(76,'M','2019-04-03',76,'1980-01-03 03:04:05',NULL),(77,'M','1974-06-16',77,'1997-07-06 19:18:54',NULL),(78,'M','2005-10-17',78,'1991-07-05 23:10:02',NULL),(79,'M','1980-04-09',79,'2013-05-25 01:10:15',NULL),(80,'M','1993-11-01',80,'1973-08-04 02:57:19',NULL),(81,'F','2007-04-26',81,'2009-07-04 08:54:16',NULL),(82,'M','1999-02-19',82,'1987-07-10 10:09:39',NULL),(83,'F','1995-06-19',83,'1971-11-02 17:40:21',NULL),(84,'M','1982-03-31',84,'1989-02-24 14:16:02',NULL),(85,'M','1990-12-13',85,'1993-05-17 09:27:37',NULL),(86,'F','2016-02-28',86,'2018-07-30 19:55:09',NULL),(87,'M','1985-10-02',87,'1994-03-01 09:08:57',NULL),(88,'F','2011-01-19',88,'2017-09-09 17:37:32',NULL),(89,'M','1973-04-01',89,'1995-09-09 21:12:14',NULL),(90,'M','1992-06-28',90,'1973-05-21 18:04:57',NULL),(91,'M','1983-06-09',91,'1992-03-21 12:49:18',NULL),(92,'M','1978-12-02',92,'1978-11-13 18:50:02',NULL),(93,'M','1980-02-05',93,'1985-02-25 22:51:19',NULL),(94,'F','2003-09-11',94,'2018-09-08 08:14:35',NULL),(95,'F','2014-10-05',95,'1976-08-02 13:31:29',NULL),(96,'F','1990-05-10',96,'1988-11-17 19:27:59',NULL),(97,'M','1994-02-11',97,'2006-05-24 16:05:46',NULL),(98,'M','2005-03-13',98,'1986-05-04 05:01:17',NULL),(99,'F','1982-09-29',99,'2018-03-07 17:13:42',NULL),(100,'M','2005-11-04',100,'2016-09-27 08:13:02',NULL);
/*!40000 ALTER TABLE `profiles` ENABLE KEYS */;
UNLOCK TABLES;

--
-- Table structure for table `users`
--

DROP TABLE IF EXISTS `users`;
/*!40101 SET @saved_cs_client     = @@character_set_client */;
/*!40101 SET character_set_client = utf8 */;
CREATE TABLE `users` (
                         `id` bigint(20) unsigned NOT NULL AUTO_INCREMENT,
                         `firstname` varchar(100) COLLATE utf8mb4_unicode_ci DEFAULT NULL,
                         `lastname` varchar(100) COLLATE utf8mb4_unicode_ci DEFAULT NULL COMMENT 'Фамилия',
                         `email` varchar(100) COLLATE utf8mb4_unicode_ci DEFAULT NULL,
                         `password_hash` varchar(100) COLLATE utf8mb4_unicode_ci DEFAULT NULL,
                         `phone` bigint(20) DEFAULT NULL,
                         `is_deleted` bit(1) DEFAULT b'0',
                         PRIMARY KEY (`id`),
                         UNIQUE KEY `email` (`email`),
                         KEY `users_firstname_lastname_idx` (`firstname`,`lastname`)
) ENGINE=InnoDB AUTO_INCREMENT=101 DEFAULT CHARSET=utf8mb4 COLLATE=utf8mb4_unicode_ci;
/*!40101 SET character_set_client = @saved_cs_client */;

--
-- Dumping data for table `users`
--

LOCK TABLES `users` WRITE;
/*!40000 ALTER TABLE `users` DISABLE KEYS */;
INSERT INTO `users` VALUES (1,'Domenick','Rutherford','ward.rodrick@example.org','f2ae3c68fef705d5c502ce9e955f4e28b257a6b4',79212459867,''),(2,'Lorena','Ryan','pzboncak@example.org','46d888254d354e3066be9a8a6cfb64d37c9127f6',79068042230,'\0'),(3,'Christa','Wintheiser','wellington.lind@example.com','fa3754fd3ab104c7411cfe53e9f2d7011779830c',79494540804,'\0'),(4,'Gregg','Anderson','enoch.ernser@example.com','0d3c20e7ce0381fb2d1a337e2eb2bf9167a7a6db',79083854389,'\0'),(5,'Cierra','Von','connelly.jack@example.com','5b1a90e161f99ef8a2c7eb8458ec2170a78149f7',79036273461,''),(6,'Krystina','Bode','jessie.fisher@example.net','f0fe9e3a923a296e6b8a26e87d156ab9bb7fdbdc',79691924408,'\0'),(7,'Finn','Mitchell','adrain69@example.com','8a43ea77c9911ffdaa4cabc95a0ae9b87ae2f4a3',79903601272,'\0'),(8,'Juston','Considine','schumm.alex@example.net','0fbc5684603fe591921f6868c784636893b8a00c',79024478643,''),(9,'Leslie','Rath','odessa10@example.com','244fcd31e5ab3588dd0d1a3c5c50495ea6fc2fff',79919156945,''),(10,'Aniyah','Cartwright','willms.carmela@example.com','8264f45bb4c622ff42e9fff4147f15fbdf42f6bd',79325117176,''),(11,'Reilly','Murray','lina16@example.org','dd7a1eaa58effc11cec1581c3d67d4b171ed0143',79984641289,''),(12,'Verlie','Simonis','darrin.heidenreich@example.org','93b653448638af2ca38b5cb245dc6d91a390804b',79556060742,''),(13,'Samir','Jakubowski','sgrimes@example.org','8f7b075b132c1efb1a3419d18f31d88fbf379100',79849527752,''),(14,'Jovan','O\'Hara','bonita90@example.com','c6b5bf8219645771e4a70203a16750b0f5443ba7',79912558256,'\0'),(15,'Ansley','Toy','fconsidine@example.com','bc0ceadeb3d642aef70bac77b48695bce05a23f4',79437408469,''),(16,'Mckenna','Monahan','mclaughlin.mervin@example.org','a08a840c8716f14ea556cf1372c98ebbba0bfa4f',79882552573,'\0'),(17,'Tressa','Sipes','lizeth62@example.com','f2df846ab975de521c3282dcb164df1ad5e347e1',79747504519,'\0'),(18,'Lizeth','Schamberger','aniyah.parker@example.org','77a44d2135573e6d29235da9fdedeea8446b10a0',79469898839,''),(19,'Raoul','Kuvalis','reilly.cleveland@example.org','d8682330a67c517a2d37b1685dbedac32d719c7a',79941405759,'\0'),(20,'Alfonzo','Ritchie','mathilde52@example.net','8283a1e492df779cedccae1ceec8fd819388363f',79119689277,'\0'),(21,'Shyann','Schneider','scollier@example.org','5bf805cf66930ccbff33401c67f2bf4f69fed9c6',79525027441,'\0'),(22,'Ari','Bartell','hreichert@example.net','bb8bfd7fc688ff7dffa7776c90798486f924bdd0',79843860492,''),(23,'Cary','Kshlerin','aernser@example.org','53365121e25af72ec0fea7b0a5fe78cfdb5af8c1',79934020563,''),(24,'Hester','Hayes','earlene27@example.net','0a409eb366f172282bb6a9b9450867cb57c9f98d',79964703279,''),(25,'Ashtyn','Lebsack','dora67@example.org','39df7a17cf09752a41f51993081a0fef0ea6abaa',79850592272,'\0'),(26,'Leon','Braun','oheller@example.net','382884022b6557a3415cd25c38d460f45a99a573',79814631312,''),(27,'Rosamond','Hudson','tmoore@example.org','60d513d40fdb01aac1344053eac3f1b06049f3ce',79719583654,'\0'),(28,'Hermann','Schamberger','heaney.mazie@example.com','a2ce173b7610c9a0994eb8e07b9b11fd520a6e41',79117997559,''),(29,'Carlo','Greenfelder','bcruickshank@example.org','5c90feb0f0eb60d717b2ee18b4ceecb9f7d9f4df',79933815967,'\0'),(30,'Mikayla','Dickinson','catharine98@example.net','919b90f0c1ce5bbf306022ea7fc25e83b0996f85',79368166175,'\0'),(31,'Enrique','Ratke','qabernathy@example.com','499fb1e1980281da537ee1d6ccc76f17934bf9d2',79725594680,''),(32,'Eleonore','Sporer','dallas87@example.org','fcdd21e01b82817d06a18c4c13b0368d57a7d6ce',79252579053,'\0'),(33,'Kiera','D\'Amore','webster85@example.com','296b066612bcf0496145a395226ac8cbb268c766',79141645590,'\0'),(34,'Jessy','Sipes','lyost@example.org','c6676987e5b7b36d17076a768633ea3f35db85bb',79507481697,'\0'),(35,'Libby','Windler','rwisoky@example.org','c8c8f366c0d769aacab37a554f384c796ecc7082',79646206100,''),(36,'Blaise','Boyle','skoelpin@example.net','5dc34d34f981560e7898973aa9f71d2b60809554',79266423135,''),(37,'Cassidy','Gibson','padberg.tina@example.com','5a43ae02ceb91daef422f20993c6199166393974',79695464391,''),(38,'Guy','Prosacco','misael.runolfsdottir@example.org','aaa1095263805ab43787178789e0bdbd21206d86',79529611136,''),(39,'Roderick','McDermott','ukshlerin@example.com','4f66e82cad1cbc1dea5cc2bf446ae27a1fcbb643',79185741768,''),(40,'Christopher','Schiller','kuhic.rita@example.net','6bd74bf296602d0e6e8c1eb59a6082c1b9c602a4',79510437238,''),(41,'Lavinia','Mitchell','rbashirian@example.net','a404d9773e7289607803ee161d417d1463ba1f70',79180760613,''),(42,'Ben','VonRueden','awalter@example.com','0ec463f0d631471a793b7f0385a1c0e253f10d24',79290924730,'\0'),(43,'Florence','Beier','johnson.murl@example.com','d3bf9c5bb6455a286df5fad1ad2c2ecfee6d2ed4',79319337696,''),(44,'Omer','Wuckert','cbosco@example.com','1acae9ca954f2b68e06ee6a2d4cec5d0c2070c85',79969439068,'\0'),(45,'Ernestina','Roberts','simonis.faye@example.org','6051b21fdd572fa1c0b7d9434d1247a04096978c',79178738592,'\0'),(46,'Leola','Walter','howe.leo@example.org','4316b6780a7bc05949fe323811a57961331492e4',79435578335,'\0'),(47,'Evert','McCullough','zhuels@example.com','ef6e497836d09c74bd4226204fb421afa7079d1b',79167506350,''),(48,'Caesar','Carroll','ndubuque@example.net','64b4e12bed1bf53379bc0e6887e567f9a5a1771e',79147662273,'\0'),(49,'Judge','Lynch','flatley.everette@example.com','79689089190e83ff9df86f300636c2179f6c06a2',79767071218,'\0'),(50,'Gerson','Schimmel','rick.ebert@example.net','e66ba7c171e820552eecd9f873031a9228718452',79616224964,''),(51,'Nigel','Jaskolski','yjast@example.com','b97974a04ba4ec0728b759219db5ba066e3a038d',79599991247,'\0'),(52,'Julianne','Carroll','kilback.bartholome@example.net','60bfda63e6a656a9ec7ba8ebe6afcc1155962e84',79500697891,''),(53,'Lizeth','Harber','amparo.yundt@example.net','b5a177b89fc6144913e5e60bf514c15dde130063',79229875580,''),(54,'Ramon','Keebler','angie10@example.net','50c6df4e8976890f5821529184a6cab7ff67a836',79519308110,''),(55,'Brandi','Nikolaus','monahan.delbert@example.net','0515c57d2c6aa59ed1780aee418a580443063e20',79232128847,''),(56,'Clifton','Halvorson','alexis54@example.net','ec835f9a3ba28927437d287372daed05c02a0ebd',79960120772,''),(57,'Ignacio','Ruecker','nasir26@example.org','da3676a59c5ee71e7b5c4f28e189d57b8d54bfa1',79068066196,''),(58,'Mikel','Wiza','nikita16@example.com','44cbe5f0cfc05570a9a98f7fd9d76210a1bb22db',79281119361,''),(59,'Ruben','Farrell','qwolf@example.net','ba85c6af39c2fcbf2d4f5aef7dbaffef4059503c',79694489419,'\0'),(60,'Clyde','Lindgren','kathleen.tromp@example.org','1189fd206016c445fdc9767f8bed9372724725fe',79271565884,'\0'),(61,'Jefferey','Stamm','antonia19@example.com','be078e59f2510464ce886a5f934606064c443505',79895223229,'\0'),(62,'Kathleen','Marvin','srau@example.org','0535a8696f1f14a81dca2cee377df8fb6a5b6470',79113535137,'\0'),(63,'Maurine','Leffler','gregoria36@example.com','cc4bbe96f374cde9823ce43ba091e712d868c828',79855512750,'\0'),(64,'Marlee','Lynch','kkulas@example.com','fba4594c15c1fa15f53b244458b4002e0232bab4',79737042887,''),(65,'Mack','Lind','gaylord.cleo@example.net','2bf94dd250f8d3b192d2d6d4c88d4479f64cd1cd',79870081185,''),(66,'Bertrand','Zemlak','uskiles@example.com','5359e9e575ce44e16a2277a8e8ef5bc7da2fa0ce',79902300269,'\0'),(67,'Brenden','Kassulke','green.cathrine@example.com','d2a54adfc1f4d2e3e285877bac986e787d94edd5',79571311180,'\0'),(68,'Wendell','Price','afunk@example.org','05951510d3798db0fb97bc8f714a92981a6c6cd9',79281780777,''),(69,'Emily','Ferry','mhamill@example.org','1a29c6f82c86b1d73e3c3ce3520a062f2b9d1b88',79501115105,'\0'),(70,'Adah','Beahan','lloyd06@example.org','1dbfc5a872f106ddcf2e3050980e909d04149474',79463047211,''),(71,'Ebba','McLaughlin','quigley.greg@example.com','214f039e4cfc071516cdb67f41645eb98ef75f48',79664247684,'\0'),(72,'Susanna','Hammes','vonrueden.mathilde@example.org','6100e9ee8519aa54155f87f36da1b040b3c08255',79992848732,'\0'),(73,'Athena','Beahan','barton.evan@example.com','da7acf518986658ae7c1f2131ca2d60f9cffaec3',79317269742,'\0'),(74,'Mariah','Franecki','mireille44@example.com','c5847718b7aa2dd209dd86e14833c03e6a0d4c32',79136000203,''),(75,'Alvina','Stroman','kristoffer.dooley@example.com','15c574e9f79e5f50394920424a4761c900ff78e0',79284553692,'\0'),(76,'Kian','Pfeffer','gutkowski.leta@example.org','c40ea825274bed7cc3cecec10abbf7ccc8dd2949',79511631202,'\0'),(77,'Demetris','Zulauf','brant.hirthe@example.net','7af29453dcaccab52d9df15215c092c68a201d10',79284085579,'\0'),(78,'Leonardo','Beier','no\'keefe@example.com','ecd63fcd0d56048af41d00410c27d6de7dba5137',79613015008,'\0'),(79,'Madonna','Collins','turner.elinor@example.com','b430d1f177ca1669b401cbe10fac77ccaf2eb526',79263823153,'\0'),(80,'Dortha','Wolff','marcelle.welch@example.com','7719b6becae6b4646275a1804fc49c0499940d13',79096113786,'\0'),(81,'Kailey','Koch','shania.stamm@example.net','cf15ce9b73532aff0c5eec049beddcbe871b7a5f',79649671604,''),(82,'Velva','Daniel','rita00@example.org','996df343731488f8c034fea79d0d9304720d9443',79077711725,''),(83,'Richie','Skiles','furman.murphy@example.org','3f1d04a387d2f93a8a2be83f75e56ba5d46eef52',79841034832,'\0'),(84,'Kayla','Howe','bahringer.yvonne@example.com','9d33ea9f8d9c62dd17790c13325636f4d4651e9a',79280290830,''),(85,'Jordy','Rau','gaylord16@example.org','484495b202a2d1c8f7f2cd3874bbec38fd0b1e8a',79316497777,''),(86,'Devonte','Quigley','reichel.don@example.org','a4cd37ac03182993b8555f35f9d33347f20fbc32',79284607582,'\0'),(87,'Eino','Schuster','lwuckert@example.org','0ba4b3cdacfd984f7bfcb9f9f1aa46b8d6e2c260',79183896607,''),(88,'Arnulfo','Baumbach','olson.daphne@example.com','f95f503028ade6d9d44d2ed1005151cd155bc0ff',79432239407,''),(89,'Ernestina','Treutel','swift.eulalia@example.com','8a18c62465f4259ebd7cb7d4245794cd09bbc18b',79221369273,'\0'),(90,'Pete','Schamberger','marina08@example.com','3f3243a4df530611bb5857afb7fa5c203af88b32',79767510176,''),(91,'Caleigh','O\'Connell','abreitenberg@example.org','cd8354a732e6d91cafd227ab845e6ac47ced0246',79305161957,'\0'),(92,'Buck','Hirthe','sanderson@example.org','bdeacf6d1203f2c94d2c7ee8667ab92396d78196',79354742970,'\0'),(93,'Nia','Nienow','lakin.troy@example.org','c740a3fe75e23f62ffc368d6709639acd1809153',79144703512,''),(94,'Isabella','Tremblay','carter11@example.net','1947c46549114002181fe0ce38d6cbdd145277a1',79058107913,'\0'),(95,'Linwood','Wiza','maeve.wisoky@example.org','54fe7948963d60777bab248a54df7a2593e9ada4',79164829263,'\0'),(96,'Chesley','Bogisich','trisha49@example.org','c81d12c72fcf60c484a8438d6246c5aab8ad5536',79709398309,''),(97,'Lina','Becker','eboehm@example.org','364f1d01085c26eec867e6fbaf4fcfcc47136331',79129028851,'\0'),(98,'Bradley','Stehr','terrance.bauch@example.org','73f682ed7a66b5575f240080bfee53f83423d346',79970152168,''),(99,'Jada','McKenzie','elva.moore@example.org','86b5be636a103c728b24c68022d09fd418a061c0',79518902470,''),(100,'Penelope','Orn','crona.aubrey@example.org','661a71553bb80084da48b05608477927e08ed043',79551440979,'');
/*!40000 ALTER TABLE `users` ENABLE KEYS */;
UNLOCK TABLES;

--
-- Table structure for table `users_communities`
--

DROP TABLE IF EXISTS `users_communities`;
/*!40101 SET @saved_cs_client     = @@character_set_client */;
/*!40101 SET character_set_client = utf8 */;
CREATE TABLE `users_communities` (
                                     `user_id` bigint(20) unsigned NOT NULL,
                                     `community_id` bigint(20) unsigned NOT NULL,
                                     PRIMARY KEY (`user_id`,`community_id`),
                                     KEY `community_id` (`community_id`),
                                     CONSTRAINT `users_communities_ibfk_1` FOREIGN KEY (`user_id`) REFERENCES `users` (`id`) ON DELETE CASCADE ON UPDATE CASCADE,
                                     CONSTRAINT `users_communities_ibfk_2` FOREIGN KEY (`community_id`) REFERENCES `communities` (`id`) ON DELETE CASCADE ON UPDATE CASCADE
) ENGINE=InnoDB DEFAULT CHARSET=utf8mb4 COLLATE=utf8mb4_unicode_ci;
/*!40101 SET character_set_client = @saved_cs_client */;

--
-- Dumping data for table `users_communities`
--

LOCK TABLES `users_communities` WRITE;
/*!40000 ALTER TABLE `users_communities` DISABLE KEYS */;
INSERT INTO `users_communities` VALUES (1,1),(2,2),(3,3),(4,4),(5,5),(6,6),(7,7),(8,8),(9,9),(10,10),(11,11),(12,12),(13,13),(14,14),(15,15),(16,16),(17,17),(18,18),(19,19),(20,20),(21,21),(22,22),(23,23),(24,24),(25,25),(26,26),(27,27),(28,28),(29,29),(30,30),(31,31),(32,32),(33,33),(34,34),(35,35),(36,36),(37,37),(38,38),(39,39),(40,40),(41,41),(42,42),(43,43),(44,44),(45,45),(46,46),(47,47),(48,48),(49,49),(50,50),(51,51),(52,52),(53,53),(54,54),(55,55),(56,56),(57,57),(58,58),(59,59),(60,60),(61,61),(62,62),(63,63),(64,64),(65,65),(66,66),(67,67),(68,68),(69,69),(70,70),(71,71),(72,72),(73,73),(74,74),(75,75),(76,76),(77,77),(78,78),(79,79),(80,80),(81,81),(82,82),(83,83),(84,84),(85,85),(86,86),(87,87),(88,88),(89,89),(90,90),(91,91),(92,92),(93,93),(94,94),(95,95),(96,96),(97,97),(98,98),(99,99),(100,100);
/*!40000 ALTER TABLE `users_communities` ENABLE KEYS */;
UNLOCK TABLES;
/*!40103 SET TIME_ZONE=@OLD_TIME_ZONE */;

/*!40101 SET SQL_MODE=@OLD_SQL_MODE */;
/*!40014 SET FOREIGN_KEY_CHECKS=@OLD_FOREIGN_KEY_CHECKS */;
/*!40014 SET UNIQUE_CHECKS=@OLD_UNIQUE_CHECKS */;
/*!40101 SET CHARACTER_SET_CLIENT=@OLD_CHARACTER_SET_CLIENT */;
/*!40101 SET CHARACTER_SET_RESULTS=@OLD_CHARACTER_SET_RESULTS */;
/*!40101 SET COLLATION_CONNECTION=@OLD_COLLATION_CONNECTION */;
/*!40111 SET SQL_NOTES=@OLD_SQL_NOTES */;

-- Dump completed on 2021-02-08 16:00:15

/* *********************************************************************************************************************** */
/* TASK 2. Написать скрипт, возвращающий список имен (только firstname) пользователей без повторений в алфавитном порядке. */
/* *********************************************************************************************************************** */

SELECT DISTINCT(firstname) FROM users ORDER BY firstname;

/* ********************************************************* */
/* TASK 3. Первые пять пользователей пометить как удаленные. */
/* ********************************************************* */

UPDATE users SET is_deleted = true LIMIT 5;

/* ************************************************************************************ */
/* TASK 4. Написать скрипт, удаляющий сообщения «из будущего» (дата больше сегодняшней) */
/* ************************************************************************************ */

DELETE FROM messages WHERE created_at > NOW();

/* ************************************************ */
/* TASK 5. Написать название темы курсового проекта */
/* ************************************************ */

-- Yandex Market place (Торговая площадка)
